ISO-10303-21;
HEADER;
FILE_DESCRIPTION(('FreeCAD Model'),'2;1');
FILE_NAME('Open CASCADE Shape Model','2026-09-13T21:00:13',(''),(''),
  'Open CASCADE STEP processor 7.8','FreeCAD','Unknown');
FILE_SCHEMA(('AUTOMOTIVE_DESIGN { 1 0 10303 214 1 1 1 1 }'));
ENDSEC;
DATA;
#1 = APPLICATION_PROTOCOL_DEFINITION('international standard',
  'automotive_design',2000,#2);
#2 = APPLICATION_CONTEXT(
  'core data for automotive mechanical design processes');
#3 = SHAPE_DEFINITION_REPRESENTATION(#4,#10);
#4 = PRODUCT_DEFINITION_SHAPE('','',#5);
#5 = PRODUCT_DEFINITION('design','',#6,#9);
#6 = PRODUCT_DEFINITION_FORMATION('','',#7);
#7 = PRODUCT('ComponentHolder','ComponentHolder','',(#8));
#8 = PRODUCT_CONTEXT('',#2,'mechanical');
#9 = PRODUCT_DEFINITION_CONTEXT('part definition',#2,'design');
#10 = ADVANCED_BREP_SHAPE_REPRESENTATION('',(#11,#15),#2762);
#11 = AXIS2_PLACEMENT_3D('',#12,#13,#14);
#12 = CARTESIAN_POINT('',(0.,0.,0.));
#13 = DIRECTION('',(0.,0.,1.));
#14 = DIRECTION('',(1.,0.,-0.));
#15 = MANIFOLD_SOLID_BREP('',#16);
#16 = CLOSED_SHELL('',(#17,#405,#436,#499,#523,#547,#571,#595,#619,#643,
    #697,#721,#745,#762,#786,#810,#834,#858,#882,#899,#923,#940,#965,
    #990,#1021,#1045,#1069,#1093,#1117,#1134,#1168,#1209,#1235,#1276,
    #1301,#1327,#1368,#1393,#1419,#1452,#1477,#1502,#1527,#1552,#1566,
    #1580,#1594,#1608,#1628,#1648,#1662,#1680,#1698,#1723,#1748,#1773,
    #1798,#1823,#1848,#1868,#1888,#1908,#1928,#1937,#1946,#1971,#1996,
    #2021,#2046,#2055,#2064,#2073,#2082,#2242,#2291,#2316,#2358,#2383,
    #2425,#2443,#2486,#2526,#2538,#2556,#2568,#2586,#2598,#2623,#2632,
    #2657,#2666,#2691,#2700,#2725,#2734,#2748));
#17 = ADVANCED_FACE('',(#18,#196,#207,#218,#268,#356,#367,#378,#389),
  #400,.F.);
#18 = FACE_BOUND('',#19,.F.);
#19 = EDGE_LOOP('',(#20,#30,#38,#46,#54,#62,#70,#78,#86,#94,#102,#110,
    #118,#126,#134,#142,#150,#158,#166,#174,#182,#190));
#20 = ORIENTED_EDGE('',*,*,#21,.F.);
#21 = EDGE_CURVE('',#22,#24,#26,.T.);
#22 = VERTEX_POINT('',#23);
#23 = CARTESIAN_POINT('',(65.4,3.6,-0.4));
#24 = VERTEX_POINT('',#25);
#25 = CARTESIAN_POINT('',(65.4,-103.6,-0.4));
#26 = LINE('',#27,#28);
#27 = CARTESIAN_POINT('',(65.4,3.6,-0.4));
#28 = VECTOR('',#29,1.);
#29 = DIRECTION('',(0.,-1.,0.));
#30 = ORIENTED_EDGE('',*,*,#31,.T.);
#31 = EDGE_CURVE('',#22,#32,#34,.T.);
#32 = VERTEX_POINT('',#33);
#33 = CARTESIAN_POINT('',(30.8,3.6,-0.4));
#34 = LINE('',#35,#36);
#35 = CARTESIAN_POINT('',(3.2,3.6,-0.4));
#36 = VECTOR('',#37,1.);
#37 = DIRECTION('',(-1.,0.,0.));
#38 = ORIENTED_EDGE('',*,*,#39,.T.);
#39 = EDGE_CURVE('',#32,#40,#42,.T.);
#40 = VERTEX_POINT('',#41);
#41 = CARTESIAN_POINT('',(30.8,-2.4,-0.4));
#42 = LINE('',#43,#44);
#43 = CARTESIAN_POINT('',(30.8,3.6,-0.4));
#44 = VECTOR('',#45,1.);
#45 = DIRECTION('',(0.,-1.,0.));
#46 = ORIENTED_EDGE('',*,*,#47,.T.);
#47 = EDGE_CURVE('',#40,#48,#50,.T.);
#48 = VERTEX_POINT('',#49);
#49 = CARTESIAN_POINT('',(28.8,-2.4,-0.4));
#50 = LINE('',#51,#52);
#51 = CARTESIAN_POINT('',(30.8,-2.4,-0.4));
#52 = VECTOR('',#53,1.);
#53 = DIRECTION('',(-1.,0.,0.));
#54 = ORIENTED_EDGE('',*,*,#55,.T.);
#55 = EDGE_CURVE('',#48,#56,#58,.T.);
#56 = VERTEX_POINT('',#57);
#57 = CARTESIAN_POINT('',(28.8,1.6,-0.4));
#58 = LINE('',#59,#60);
#59 = CARTESIAN_POINT('',(28.8,-2.4,-0.4));
#60 = VECTOR('',#61,1.);
#61 = DIRECTION('',(0.,1.,0.));
#62 = ORIENTED_EDGE('',*,*,#63,.T.);
#63 = EDGE_CURVE('',#56,#64,#66,.T.);
#64 = VERTEX_POINT('',#65);
#65 = CARTESIAN_POINT('',(24.8,1.6,-0.4));
#66 = LINE('',#67,#68);
#67 = CARTESIAN_POINT('',(28.8,1.6,-0.4));
#68 = VECTOR('',#69,1.);
#69 = DIRECTION('',(-1.,0.,0.));
#70 = ORIENTED_EDGE('',*,*,#71,.T.);
#71 = EDGE_CURVE('',#64,#72,#74,.T.);
#72 = VERTEX_POINT('',#73);
#73 = CARTESIAN_POINT('',(24.8,3.6,-0.4));
#74 = LINE('',#75,#76);
#75 = CARTESIAN_POINT('',(24.8,1.6,-0.4));
#76 = VECTOR('',#77,1.);
#77 = DIRECTION('',(0.,1.,0.));
#78 = ORIENTED_EDGE('',*,*,#79,.T.);
#79 = EDGE_CURVE('',#72,#80,#82,.T.);
#80 = VERTEX_POINT('',#81);
#81 = CARTESIAN_POINT('',(3.2,3.6,-0.4));
#82 = LINE('',#83,#84);
#83 = CARTESIAN_POINT('',(3.2,3.6,-0.4));
#84 = VECTOR('',#85,1.);
#85 = DIRECTION('',(-1.,0.,0.));
#86 = ORIENTED_EDGE('',*,*,#87,.F.);
#87 = EDGE_CURVE('',#88,#80,#90,.T.);
#88 = VERTEX_POINT('',#89);
#89 = CARTESIAN_POINT('',(3.2,1.6,-0.4));
#90 = LINE('',#91,#92);
#91 = CARTESIAN_POINT('',(3.2,1.6,-0.4));
#92 = VECTOR('',#93,1.);
#93 = DIRECTION('',(0.,1.,0.));
#94 = ORIENTED_EDGE('',*,*,#95,.F.);
#95 = EDGE_CURVE('',#96,#88,#98,.T.);
#96 = VERTEX_POINT('',#97);
#97 = CARTESIAN_POINT('',(-0.8,1.6,-0.4));
#98 = LINE('',#99,#100);
#99 = CARTESIAN_POINT('',(-0.8,1.6,-0.4));
#100 = VECTOR('',#101,1.);
#101 = DIRECTION('',(1.,0.,0.));
#102 = ORIENTED_EDGE('',*,*,#103,.F.);
#103 = EDGE_CURVE('',#104,#96,#106,.T.);
#104 = VERTEX_POINT('',#105);
#105 = CARTESIAN_POINT('',(-0.8,-2.4,-0.4));
#106 = LINE('',#107,#108);
#107 = CARTESIAN_POINT('',(-0.8,-2.4,-0.4));
#108 = VECTOR('',#109,1.);
#109 = DIRECTION('',(0.,1.,0.));
#110 = ORIENTED_EDGE('',*,*,#111,.F.);
#111 = EDGE_CURVE('',#112,#104,#114,.T.);
#112 = VERTEX_POINT('',#113);
#113 = CARTESIAN_POINT('',(-2.8,-2.4,-0.4));
#114 = LINE('',#115,#116);
#115 = CARTESIAN_POINT('',(-2.8,-2.4,-0.4));
#116 = VECTOR('',#117,1.);
#117 = DIRECTION('',(1.,0.,0.));
#118 = ORIENTED_EDGE('',*,*,#119,.F.);
#119 = EDGE_CURVE('',#120,#112,#122,.T.);
#120 = VERTEX_POINT('',#121);
#121 = CARTESIAN_POINT('',(-2.8,-49.6,-0.4));
#122 = LINE('',#123,#124);
#123 = CARTESIAN_POINT('',(-2.8,-57.2,-0.4));
#124 = VECTOR('',#125,1.);
#125 = DIRECTION('',(0.,1.,0.));
#126 = ORIENTED_EDGE('',*,*,#127,.T.);
#127 = EDGE_CURVE('',#120,#128,#130,.T.);
#128 = VERTEX_POINT('',#129);
#129 = CARTESIAN_POINT('',(-0.8,-49.6,-0.4));
#130 = LINE('',#131,#132);
#131 = CARTESIAN_POINT('',(-2.8,-49.6,-0.4));
#132 = VECTOR('',#133,1.);
#133 = DIRECTION('',(1.,0.,0.));
#134 = ORIENTED_EDGE('',*,*,#135,.T.);
#135 = EDGE_CURVE('',#128,#136,#138,.T.);
#136 = VERTEX_POINT('',#137);
#137 = CARTESIAN_POINT('',(-0.8,-53.6,-0.4));
#138 = LINE('',#139,#140);
#139 = CARTESIAN_POINT('',(-0.8,-49.6,-0.4));
#140 = VECTOR('',#141,1.);
#141 = DIRECTION('',(0.,-1.,0.));
#142 = ORIENTED_EDGE('',*,*,#143,.T.);
#143 = EDGE_CURVE('',#136,#144,#146,.T.);
#144 = VERTEX_POINT('',#145);
#145 = CARTESIAN_POINT('',(3.2,-53.6,-0.4));
#146 = LINE('',#147,#148);
#147 = CARTESIAN_POINT('',(-0.8,-53.6,-0.4));
#148 = VECTOR('',#149,1.);
#149 = DIRECTION('',(1.,0.,0.));
#150 = ORIENTED_EDGE('',*,*,#151,.T.);
#151 = EDGE_CURVE('',#144,#152,#154,.T.);
#152 = VERTEX_POINT('',#153);
#153 = CARTESIAN_POINT('',(3.2,-55.6,-0.4));
#154 = LINE('',#155,#156);
#155 = CARTESIAN_POINT('',(3.2,-53.6,-0.4));
#156 = VECTOR('',#157,1.);
#157 = DIRECTION('',(0.,-1.,0.));
#158 = ORIENTED_EDGE('',*,*,#159,.T.);
#159 = EDGE_CURVE('',#152,#160,#162,.T.);
#160 = VERTEX_POINT('',#161);
#161 = CARTESIAN_POINT('',(-2.8,-55.6,-0.4));
#162 = LINE('',#163,#164);
#163 = CARTESIAN_POINT('',(3.2,-55.6,-0.4));
#164 = VECTOR('',#165,1.);
#165 = DIRECTION('',(-1.,0.,0.));
#166 = ORIENTED_EDGE('',*,*,#167,.F.);
#167 = EDGE_CURVE('',#168,#160,#170,.T.);
#168 = VERTEX_POINT('',#169);
#169 = CARTESIAN_POINT('',(-2.8,-57.2,-0.4));
#170 = LINE('',#171,#172);
#171 = CARTESIAN_POINT('',(-2.8,-57.2,-0.4));
#172 = VECTOR('',#173,1.);
#173 = DIRECTION('',(0.,1.,0.));
#174 = ORIENTED_EDGE('',*,*,#175,.F.);
#175 = EDGE_CURVE('',#176,#168,#178,.T.);
#176 = VERTEX_POINT('',#177);
#177 = CARTESIAN_POINT('',(6.5,-86.,-0.4));
#178 = LINE('',#179,#180);
#179 = CARTESIAN_POINT('',(6.5,-86.,-0.4));
#180 = VECTOR('',#181,1.);
#181 = DIRECTION('',(-0.307292390957,0.951615146191,-0.));
#182 = ORIENTED_EDGE('',*,*,#183,.F.);
#183 = EDGE_CURVE('',#184,#176,#186,.T.);
#184 = VERTEX_POINT('',#185);
#185 = CARTESIAN_POINT('',(31.2,-103.6,-0.4));
#186 = LINE('',#187,#188);
#187 = CARTESIAN_POINT('',(31.2,-103.6,-0.4));
#188 = VECTOR('',#189,1.);
#189 = DIRECTION('',(-0.814401278759,0.580302125755,-0.));
#190 = ORIENTED_EDGE('',*,*,#191,.F.);
#191 = EDGE_CURVE('',#24,#184,#192,.T.);
#192 = LINE('',#193,#194);
#193 = CARTESIAN_POINT('',(65.4,-103.6,-0.4));
#194 = VECTOR('',#195,1.);
#195 = DIRECTION('',(-1.,0.,0.));
#196 = FACE_BOUND('',#197,.F.);
#197 = EDGE_LOOP('',(#198));
#198 = ORIENTED_EDGE('',*,*,#199,.T.);
#199 = EDGE_CURVE('',#200,#200,#202,.T.);
#200 = VERTEX_POINT('',#201);
#201 = CARTESIAN_POINT('',(10.,-84.,-0.4));
#202 = CIRCLE('',#203,1.5);
#203 = AXIS2_PLACEMENT_3D('',#204,#205,#206);
#204 = CARTESIAN_POINT('',(8.5,-84.,-0.4));
#205 = DIRECTION('',(0.,0.,-1.));
#206 = DIRECTION('',(1.,0.,0.));
#207 = FACE_BOUND('',#208,.F.);
#208 = EDGE_LOOP('',(#209));
#209 = ORIENTED_EDGE('',*,*,#210,.T.);
#210 = EDGE_CURVE('',#211,#211,#213,.T.);
#211 = VERTEX_POINT('',#212);
#212 = CARTESIAN_POINT('',(21.,-84.,-0.4));
#213 = CIRCLE('',#214,1.5);
#214 = AXIS2_PLACEMENT_3D('',#215,#216,#217);
#215 = CARTESIAN_POINT('',(19.5,-84.,-0.4));
#216 = DIRECTION('',(0.,0.,-1.));
#217 = DIRECTION('',(1.,0.,0.));
#218 = FACE_BOUND('',#219,.F.);
#219 = EDGE_LOOP('',(#220,#230,#238,#246,#254,#262));
#220 = ORIENTED_EDGE('',*,*,#221,.F.);
#221 = EDGE_CURVE('',#222,#224,#226,.T.);
#222 = VERTEX_POINT('',#223);
#223 = CARTESIAN_POINT('',(28.8,-49.6,-0.4));
#224 = VERTEX_POINT('',#225);
#225 = CARTESIAN_POINT('',(28.8,-53.6,-0.4));
#226 = LINE('',#227,#228);
#227 = CARTESIAN_POINT('',(28.8,-49.6,-0.4));
#228 = VECTOR('',#229,1.);
#229 = DIRECTION('',(0.,-1.,0.));
#230 = ORIENTED_EDGE('',*,*,#231,.F.);
#231 = EDGE_CURVE('',#232,#222,#234,.T.);
#232 = VERTEX_POINT('',#233);
#233 = CARTESIAN_POINT('',(30.8,-49.6,-0.4));
#234 = LINE('',#235,#236);
#235 = CARTESIAN_POINT('',(30.8,-49.6,-0.4));
#236 = VECTOR('',#237,1.);
#237 = DIRECTION('',(-1.,0.,0.));
#238 = ORIENTED_EDGE('',*,*,#239,.F.);
#239 = EDGE_CURVE('',#240,#232,#242,.T.);
#240 = VERTEX_POINT('',#241);
#241 = CARTESIAN_POINT('',(30.8,-55.6,-0.4));
#242 = LINE('',#243,#244);
#243 = CARTESIAN_POINT('',(30.8,-55.6,-0.4));
#244 = VECTOR('',#245,1.);
#245 = DIRECTION('',(0.,1.,0.));
#246 = ORIENTED_EDGE('',*,*,#247,.F.);
#247 = EDGE_CURVE('',#248,#240,#250,.T.);
#248 = VERTEX_POINT('',#249);
#249 = CARTESIAN_POINT('',(24.8,-55.6,-0.4));
#250 = LINE('',#251,#252);
#251 = CARTESIAN_POINT('',(24.8,-55.6,-0.4));
#252 = VECTOR('',#253,1.);
#253 = DIRECTION('',(1.,0.,0.));
#254 = ORIENTED_EDGE('',*,*,#255,.F.);
#255 = EDGE_CURVE('',#256,#248,#258,.T.);
#256 = VERTEX_POINT('',#257);
#257 = CARTESIAN_POINT('',(24.8,-53.6,-0.4));
#258 = LINE('',#259,#260);
#259 = CARTESIAN_POINT('',(24.8,-53.6,-0.4));
#260 = VECTOR('',#261,1.);
#261 = DIRECTION('',(0.,-1.,0.));
#262 = ORIENTED_EDGE('',*,*,#263,.F.);
#263 = EDGE_CURVE('',#224,#256,#264,.T.);
#264 = LINE('',#265,#266);
#265 = CARTESIAN_POINT('',(28.8,-53.6,-0.4));
#266 = VECTOR('',#267,1.);
#267 = DIRECTION('',(-1.,0.,0.));
#268 = FACE_BOUND('',#269,.F.);
#269 = EDGE_LOOP('',(#270,#281,#289,#298,#307,#315,#324,#333,#341,#350)
  );
#270 = ORIENTED_EDGE('',*,*,#271,.T.);
#271 = EDGE_CURVE('',#272,#274,#276,.T.);
#272 = VERTEX_POINT('',#273);
#273 = CARTESIAN_POINT('',(37.8,-77.67590571784,-0.4));
#274 = VERTEX_POINT('',#275);
#275 = CARTESIAN_POINT('',(43.475905717843,-72.,-0.4));
#276 = CIRCLE('',#277,5.2);
#277 = AXIS2_PLACEMENT_3D('',#278,#279,#280);
#278 = CARTESIAN_POINT('',(38.3,-72.5,-0.4));
#279 = DIRECTION('',(0.,0.,-1.));
#280 = DIRECTION('',(1.,0.,0.));
#281 = ORIENTED_EDGE('',*,*,#282,.T.);
#282 = EDGE_CURVE('',#274,#283,#285,.T.);
#283 = VERTEX_POINT('',#284);
#284 = CARTESIAN_POINT('',(52.124094282157,-72.,-0.4));
#285 = LINE('',#286,#287);
#286 = CARTESIAN_POINT('',(40.442428528563,-72.,-0.4));
#287 = VECTOR('',#288,1.);
#288 = DIRECTION('',(1.,0.,0.));
#289 = ORIENTED_EDGE('',*,*,#290,.T.);
#290 = EDGE_CURVE('',#283,#291,#293,.T.);
#291 = VERTEX_POINT('',#292);
#292 = CARTESIAN_POINT('',(62.5,-72.5,-0.4));
#293 = CIRCLE('',#294,5.2);
#294 = AXIS2_PLACEMENT_3D('',#295,#296,#297);
#295 = CARTESIAN_POINT('',(57.3,-72.5,-0.4));
#296 = DIRECTION('',(0.,0.,-1.));
#297 = DIRECTION('',(1.,0.,0.));
#298 = ORIENTED_EDGE('',*,*,#299,.T.);
#299 = EDGE_CURVE('',#291,#300,#302,.T.);
#300 = VERTEX_POINT('',#301);
#301 = CARTESIAN_POINT('',(57.8,-77.67590571784,-0.4));
#302 = CIRCLE('',#303,5.2);
#303 = AXIS2_PLACEMENT_3D('',#304,#305,#306);
#304 = CARTESIAN_POINT('',(57.3,-72.5,-0.4));
#305 = DIRECTION('',(0.,0.,-1.));
#306 = DIRECTION('',(1.,0.,0.));
#307 = ORIENTED_EDGE('',*,*,#308,.T.);
#308 = EDGE_CURVE('',#300,#309,#311,.T.);
#309 = VERTEX_POINT('',#310);
#310 = CARTESIAN_POINT('',(57.8,-92.22363761669,-0.4));
#311 = LINE('',#312,#313);
#312 = CARTESIAN_POINT('',(57.8,-74.64242852856,-0.4));
#313 = VECTOR('',#314,1.);
#314 = DIRECTION('',(0.,-1.,0.));
#315 = ORIENTED_EDGE('',*,*,#316,.T.);
#316 = EDGE_CURVE('',#309,#317,#319,.T.);
#317 = VERTEX_POINT('',#318);
#318 = CARTESIAN_POINT('',(62.6,-97.5,-0.4));
#319 = CIRCLE('',#320,5.3);
#320 = AXIS2_PLACEMENT_3D('',#321,#322,#323);
#321 = CARTESIAN_POINT('',(57.3,-97.5,-0.4));
#322 = DIRECTION('',(0.,0.,-1.));
#323 = DIRECTION('',(1.,0.,0.));
#324 = ORIENTED_EDGE('',*,*,#325,.T.);
#325 = EDGE_CURVE('',#317,#326,#328,.T.);
#326 = VERTEX_POINT('',#327);
#327 = CARTESIAN_POINT('',(52.023637616691,-98.,-0.4));
#328 = CIRCLE('',#329,5.3);
#329 = AXIS2_PLACEMENT_3D('',#330,#331,#332);
#330 = CARTESIAN_POINT('',(57.3,-97.5,-0.4));
#331 = DIRECTION('',(0.,0.,-1.));
#332 = DIRECTION('',(1.,0.,0.));
#333 = ORIENTED_EDGE('',*,*,#334,.F.);
#334 = EDGE_CURVE('',#335,#326,#337,.T.);
#335 = VERTEX_POINT('',#336);
#336 = CARTESIAN_POINT('',(43.576362383309,-98.,-0.4));
#337 = LINE('',#338,#339);
#338 = CARTESIAN_POINT('',(40.544994432064,-98.,-0.4));
#339 = VECTOR('',#340,1.);
#340 = DIRECTION('',(1.,-9.793827573344E-15,0.));
#341 = ORIENTED_EDGE('',*,*,#342,.T.);
#342 = EDGE_CURVE('',#335,#343,#345,.T.);
#343 = VERTEX_POINT('',#344);
#344 = CARTESIAN_POINT('',(37.8,-92.22363761669,-0.4));
#345 = CIRCLE('',#346,5.3);
#346 = AXIS2_PLACEMENT_3D('',#347,#348,#349);
#347 = CARTESIAN_POINT('',(38.3,-97.5,-0.4));
#348 = DIRECTION('',(0.,0.,-1.));
#349 = DIRECTION('',(1.,0.,0.));
#350 = ORIENTED_EDGE('',*,*,#351,.T.);
#351 = EDGE_CURVE('',#343,#272,#352,.T.);
#352 = LINE('',#353,#354);
#353 = CARTESIAN_POINT('',(37.8,-95.25500556793,-0.4));
#354 = VECTOR('',#355,1.);
#355 = DIRECTION('',(0.,1.,0.));
#356 = FACE_BOUND('',#357,.F.);
#357 = EDGE_LOOP('',(#358));
#358 = ORIENTED_EDGE('',*,*,#359,.T.);
#359 = EDGE_CURVE('',#360,#360,#362,.T.);
#360 = VERTEX_POINT('',#361);
#361 = CARTESIAN_POINT('',(41.6,-49.5,-0.4));
#362 = CIRCLE('',#363,5.3);
#363 = AXIS2_PLACEMENT_3D('',#364,#365,#366);
#364 = CARTESIAN_POINT('',(36.3,-49.5,-0.4));
#365 = DIRECTION('',(0.,0.,-1.));
#366 = DIRECTION('',(1.,0.,0.));
#367 = FACE_BOUND('',#368,.F.);
#368 = EDGE_LOOP('',(#369));
#369 = ORIENTED_EDGE('',*,*,#370,.T.);
#370 = EDGE_CURVE('',#371,#371,#373,.T.);
#371 = VERTEX_POINT('',#372);
#372 = CARTESIAN_POINT('',(64.6,-49.5,-0.4));
#373 = CIRCLE('',#374,5.3);
#374 = AXIS2_PLACEMENT_3D('',#375,#376,#377);
#375 = CARTESIAN_POINT('',(59.3,-49.5,-0.4));
#376 = DIRECTION('',(0.,0.,-1.));
#377 = DIRECTION('',(1.,0.,0.));
#378 = FACE_BOUND('',#379,.F.);
#379 = EDGE_LOOP('',(#380));
#380 = ORIENTED_EDGE('',*,*,#381,.T.);
#381 = EDGE_CURVE('',#382,#382,#384,.T.);
#382 = VERTEX_POINT('',#383);
#383 = CARTESIAN_POINT('',(41.5,-2.5,-0.4));
#384 = CIRCLE('',#385,5.2);
#385 = AXIS2_PLACEMENT_3D('',#386,#387,#388);
#386 = CARTESIAN_POINT('',(36.3,-2.5,-0.4));
#387 = DIRECTION('',(0.,0.,-1.));
#388 = DIRECTION('',(1.,0.,0.));
#389 = FACE_BOUND('',#390,.F.);
#390 = EDGE_LOOP('',(#391));
#391 = ORIENTED_EDGE('',*,*,#392,.T.);
#392 = EDGE_CURVE('',#393,#393,#395,.T.);
#393 = VERTEX_POINT('',#394);
#394 = CARTESIAN_POINT('',(64.5,-2.5,-0.4));
#395 = CIRCLE('',#396,5.2);
#396 = AXIS2_PLACEMENT_3D('',#397,#398,#399);
#397 = CARTESIAN_POINT('',(59.3,-2.5,-0.4));
#398 = DIRECTION('',(0.,0.,-1.));
#399 = DIRECTION('',(1.,0.,0.));
#400 = PLANE('',#401);
#401 = AXIS2_PLACEMENT_3D('',#402,#403,#404);
#402 = CARTESIAN_POINT('',(34.003253316202,-46.31258512607,-0.4));
#403 = DIRECTION('',(0.,0.,1.));
#404 = DIRECTION('',(1.,0.,0.));
#405 = ADVANCED_FACE('',(#406),#431,.T.);
#406 = FACE_BOUND('',#407,.T.);
#407 = EDGE_LOOP('',(#408,#416,#424,#430));
#408 = ORIENTED_EDGE('',*,*,#409,.T.);
#409 = EDGE_CURVE('',#22,#410,#412,.T.);
#410 = VERTEX_POINT('',#411);
#411 = CARTESIAN_POINT('',(65.4,3.6,0.2));
#412 = LINE('',#413,#414);
#413 = CARTESIAN_POINT('',(65.4,3.6,-0.4));
#414 = VECTOR('',#415,1.);
#415 = DIRECTION('',(0.,0.,1.));
#416 = ORIENTED_EDGE('',*,*,#417,.T.);
#417 = EDGE_CURVE('',#410,#418,#420,.T.);
#418 = VERTEX_POINT('',#419);
#419 = CARTESIAN_POINT('',(65.4,-103.6,0.2));
#420 = LINE('',#421,#422);
#421 = CARTESIAN_POINT('',(65.4,3.6,0.2));
#422 = VECTOR('',#423,1.);
#423 = DIRECTION('',(0.,-1.,0.));
#424 = ORIENTED_EDGE('',*,*,#425,.F.);
#425 = EDGE_CURVE('',#24,#418,#426,.T.);
#426 = LINE('',#427,#428);
#427 = CARTESIAN_POINT('',(65.4,-103.6,-0.4));
#428 = VECTOR('',#429,1.);
#429 = DIRECTION('',(0.,0.,1.));
#430 = ORIENTED_EDGE('',*,*,#21,.F.);
#431 = PLANE('',#432);
#432 = AXIS2_PLACEMENT_3D('',#433,#434,#435);
#433 = CARTESIAN_POINT('',(65.4,3.6,-0.4));
#434 = DIRECTION('',(1.,0.,0.));
#435 = DIRECTION('',(0.,-1.,0.));
#436 = ADVANCED_FACE('',(#437),#494,.T.);
#437 = FACE_BOUND('',#438,.T.);
#438 = EDGE_LOOP('',(#439,#449,#455,#456,#457,#465,#473,#479,#480,#488)
  );
#439 = ORIENTED_EDGE('',*,*,#440,.T.);
#440 = EDGE_CURVE('',#441,#443,#445,.T.);
#441 = VERTEX_POINT('',#442);
#442 = CARTESIAN_POINT('',(-2.8,3.6,-4.4));
#443 = VERTEX_POINT('',#444);
#444 = CARTESIAN_POINT('',(-2.8,3.6,0.2));
#445 = LINE('',#446,#447);
#446 = CARTESIAN_POINT('',(-2.8,3.6,-0.4));
#447 = VECTOR('',#448,1.);
#448 = DIRECTION('',(0.,0.,1.));
#449 = ORIENTED_EDGE('',*,*,#450,.T.);
#450 = EDGE_CURVE('',#443,#410,#451,.T.);
#451 = LINE('',#452,#453);
#452 = CARTESIAN_POINT('',(3.2,3.6,0.2));
#453 = VECTOR('',#454,1.);
#454 = DIRECTION('',(1.,0.,0.));
#455 = ORIENTED_EDGE('',*,*,#409,.F.);
#456 = ORIENTED_EDGE('',*,*,#31,.T.);
#457 = ORIENTED_EDGE('',*,*,#458,.T.);
#458 = EDGE_CURVE('',#32,#459,#461,.T.);
#459 = VERTEX_POINT('',#460);
#460 = CARTESIAN_POINT('',(30.8,3.6,-4.4));
#461 = LINE('',#462,#463);
#462 = CARTESIAN_POINT('',(30.8,3.6,-0.4));
#463 = VECTOR('',#464,1.);
#464 = DIRECTION('',(0.,0.,-1.));
#465 = ORIENTED_EDGE('',*,*,#466,.F.);
#466 = EDGE_CURVE('',#467,#459,#469,.T.);
#467 = VERTEX_POINT('',#468);
#468 = CARTESIAN_POINT('',(24.8,3.6,-4.4));
#469 = LINE('',#470,#471);
#470 = CARTESIAN_POINT('',(24.8,3.6,-4.4));
#471 = VECTOR('',#472,1.);
#472 = DIRECTION('',(1.,0.,0.));
#473 = ORIENTED_EDGE('',*,*,#474,.F.);
#474 = EDGE_CURVE('',#72,#467,#475,.T.);
#475 = LINE('',#476,#477);
#476 = CARTESIAN_POINT('',(24.8,3.6,-0.4));
#477 = VECTOR('',#478,1.);
#478 = DIRECTION('',(0.,0.,-1.));
#479 = ORIENTED_EDGE('',*,*,#79,.T.);
#480 = ORIENTED_EDGE('',*,*,#481,.T.);
#481 = EDGE_CURVE('',#80,#482,#484,.T.);
#482 = VERTEX_POINT('',#483);
#483 = CARTESIAN_POINT('',(3.2,3.6,-4.4));
#484 = LINE('',#485,#486);
#485 = CARTESIAN_POINT('',(3.2,3.6,-0.4));
#486 = VECTOR('',#487,1.);
#487 = DIRECTION('',(0.,0.,-1.));
#488 = ORIENTED_EDGE('',*,*,#489,.T.);
#489 = EDGE_CURVE('',#482,#441,#490,.T.);
#490 = LINE('',#491,#492);
#491 = CARTESIAN_POINT('',(3.2,3.6,-4.4));
#492 = VECTOR('',#493,1.);
#493 = DIRECTION('',(-1.,0.,0.));
#494 = PLANE('',#495);
#495 = AXIS2_PLACEMENT_3D('',#496,#497,#498);
#496 = CARTESIAN_POINT('',(29.497916666667,3.6,-0.652083333333));
#497 = DIRECTION('',(0.,1.,0.));
#498 = DIRECTION('',(0.,0.,1.));
#499 = ADVANCED_FACE('',(#500),#518,.T.);
#500 = FACE_BOUND('',#501,.T.);
#501 = EDGE_LOOP('',(#502,#503,#511,#517));
#502 = ORIENTED_EDGE('',*,*,#425,.T.);
#503 = ORIENTED_EDGE('',*,*,#504,.T.);
#504 = EDGE_CURVE('',#418,#505,#507,.T.);
#505 = VERTEX_POINT('',#506);
#506 = CARTESIAN_POINT('',(31.2,-103.6,0.2));
#507 = LINE('',#508,#509);
#508 = CARTESIAN_POINT('',(65.4,-103.6,0.2));
#509 = VECTOR('',#510,1.);
#510 = DIRECTION('',(-1.,0.,0.));
#511 = ORIENTED_EDGE('',*,*,#512,.F.);
#512 = EDGE_CURVE('',#184,#505,#513,.T.);
#513 = LINE('',#514,#515);
#514 = CARTESIAN_POINT('',(31.2,-103.6,-0.4));
#515 = VECTOR('',#516,1.);
#516 = DIRECTION('',(0.,0.,1.));
#517 = ORIENTED_EDGE('',*,*,#191,.F.);
#518 = PLANE('',#519);
#519 = AXIS2_PLACEMENT_3D('',#520,#521,#522);
#520 = CARTESIAN_POINT('',(65.4,-103.6,-0.4));
#521 = DIRECTION('',(-0.,-1.,-0.));
#522 = DIRECTION('',(-1.,0.,0.));
#523 = ADVANCED_FACE('',(#524),#542,.F.);
#524 = FACE_BOUND('',#525,.F.);
#525 = EDGE_LOOP('',(#526,#527,#535,#541));
#526 = ORIENTED_EDGE('',*,*,#458,.T.);
#527 = ORIENTED_EDGE('',*,*,#528,.T.);
#528 = EDGE_CURVE('',#459,#529,#531,.T.);
#529 = VERTEX_POINT('',#530);
#530 = CARTESIAN_POINT('',(30.8,-2.4,-4.4));
#531 = LINE('',#532,#533);
#532 = CARTESIAN_POINT('',(30.8,3.6,-4.4));
#533 = VECTOR('',#534,1.);
#534 = DIRECTION('',(0.,-1.,0.));
#535 = ORIENTED_EDGE('',*,*,#536,.F.);
#536 = EDGE_CURVE('',#40,#529,#537,.T.);
#537 = LINE('',#538,#539);
#538 = CARTESIAN_POINT('',(30.8,-2.4,-0.4));
#539 = VECTOR('',#540,1.);
#540 = DIRECTION('',(0.,0.,-1.));
#541 = ORIENTED_EDGE('',*,*,#39,.F.);
#542 = PLANE('',#543);
#543 = AXIS2_PLACEMENT_3D('',#544,#545,#546);
#544 = CARTESIAN_POINT('',(30.8,3.6,-0.4));
#545 = DIRECTION('',(-1.,-0.,-0.));
#546 = DIRECTION('',(0.,-1.,0.));
#547 = ADVANCED_FACE('',(#548),#566,.T.);
#548 = FACE_BOUND('',#549,.T.);
#549 = EDGE_LOOP('',(#550,#551,#559,#565));
#550 = ORIENTED_EDGE('',*,*,#512,.T.);
#551 = ORIENTED_EDGE('',*,*,#552,.T.);
#552 = EDGE_CURVE('',#505,#553,#555,.T.);
#553 = VERTEX_POINT('',#554);
#554 = CARTESIAN_POINT('',(6.5,-86.,0.2));
#555 = LINE('',#556,#557);
#556 = CARTESIAN_POINT('',(31.2,-103.6,0.2));
#557 = VECTOR('',#558,1.);
#558 = DIRECTION('',(-0.814401278759,0.580302125755,-0.));
#559 = ORIENTED_EDGE('',*,*,#560,.F.);
#560 = EDGE_CURVE('',#176,#553,#561,.T.);
#561 = LINE('',#562,#563);
#562 = CARTESIAN_POINT('',(6.5,-86.,-0.4));
#563 = VECTOR('',#564,1.);
#564 = DIRECTION('',(0.,0.,1.));
#565 = ORIENTED_EDGE('',*,*,#183,.F.);
#566 = PLANE('',#567);
#567 = AXIS2_PLACEMENT_3D('',#568,#569,#570);
#568 = CARTESIAN_POINT('',(31.2,-103.6,-0.4));
#569 = DIRECTION('',(-0.580302125755,-0.814401278759,-0.));
#570 = DIRECTION('',(-0.814401278759,0.580302125755,0.));
#571 = ADVANCED_FACE('',(#572),#590,.F.);
#572 = FACE_BOUND('',#573,.F.);
#573 = EDGE_LOOP('',(#574,#575,#583,#589));
#574 = ORIENTED_EDGE('',*,*,#536,.T.);
#575 = ORIENTED_EDGE('',*,*,#576,.T.);
#576 = EDGE_CURVE('',#529,#577,#579,.T.);
#577 = VERTEX_POINT('',#578);
#578 = CARTESIAN_POINT('',(28.8,-2.4,-4.4));
#579 = LINE('',#580,#581);
#580 = CARTESIAN_POINT('',(30.8,-2.4,-4.4));
#581 = VECTOR('',#582,1.);
#582 = DIRECTION('',(-1.,0.,0.));
#583 = ORIENTED_EDGE('',*,*,#584,.F.);
#584 = EDGE_CURVE('',#48,#577,#585,.T.);
#585 = LINE('',#586,#587);
#586 = CARTESIAN_POINT('',(28.8,-2.4,-0.4));
#587 = VECTOR('',#588,1.);
#588 = DIRECTION('',(0.,0.,-1.));
#589 = ORIENTED_EDGE('',*,*,#47,.F.);
#590 = PLANE('',#591);
#591 = AXIS2_PLACEMENT_3D('',#592,#593,#594);
#592 = CARTESIAN_POINT('',(30.8,-2.4,-0.4));
#593 = DIRECTION('',(0.,1.,0.));
#594 = DIRECTION('',(-1.,0.,0.));
#595 = ADVANCED_FACE('',(#596),#614,.T.);
#596 = FACE_BOUND('',#597,.T.);
#597 = EDGE_LOOP('',(#598,#599,#607,#613));
#598 = ORIENTED_EDGE('',*,*,#560,.T.);
#599 = ORIENTED_EDGE('',*,*,#600,.T.);
#600 = EDGE_CURVE('',#553,#601,#603,.T.);
#601 = VERTEX_POINT('',#602);
#602 = CARTESIAN_POINT('',(-2.8,-57.2,0.2));
#603 = LINE('',#604,#605);
#604 = CARTESIAN_POINT('',(6.5,-86.,0.2));
#605 = VECTOR('',#606,1.);
#606 = DIRECTION('',(-0.307292390957,0.951615146191,-0.));
#607 = ORIENTED_EDGE('',*,*,#608,.F.);
#608 = EDGE_CURVE('',#168,#601,#609,.T.);
#609 = LINE('',#610,#611);
#610 = CARTESIAN_POINT('',(-2.8,-57.2,-0.4));
#611 = VECTOR('',#612,1.);
#612 = DIRECTION('',(0.,0.,1.));
#613 = ORIENTED_EDGE('',*,*,#175,.F.);
#614 = PLANE('',#615);
#615 = AXIS2_PLACEMENT_3D('',#616,#617,#618);
#616 = CARTESIAN_POINT('',(6.5,-86.,-0.4));
#617 = DIRECTION('',(-0.951615146191,-0.307292390957,-0.));
#618 = DIRECTION('',(-0.307292390957,0.951615146191,0.));
#619 = ADVANCED_FACE('',(#620),#638,.F.);
#620 = FACE_BOUND('',#621,.F.);
#621 = EDGE_LOOP('',(#622,#623,#631,#637));
#622 = ORIENTED_EDGE('',*,*,#584,.T.);
#623 = ORIENTED_EDGE('',*,*,#624,.T.);
#624 = EDGE_CURVE('',#577,#625,#627,.T.);
#625 = VERTEX_POINT('',#626);
#626 = CARTESIAN_POINT('',(28.8,1.6,-4.4));
#627 = LINE('',#628,#629);
#628 = CARTESIAN_POINT('',(28.8,-2.4,-4.4));
#629 = VECTOR('',#630,1.);
#630 = DIRECTION('',(0.,1.,0.));
#631 = ORIENTED_EDGE('',*,*,#632,.F.);
#632 = EDGE_CURVE('',#56,#625,#633,.T.);
#633 = LINE('',#634,#635);
#634 = CARTESIAN_POINT('',(28.8,1.6,-0.4));
#635 = VECTOR('',#636,1.);
#636 = DIRECTION('',(0.,0.,-1.));
#637 = ORIENTED_EDGE('',*,*,#55,.F.);
#638 = PLANE('',#639);
#639 = AXIS2_PLACEMENT_3D('',#640,#641,#642);
#640 = CARTESIAN_POINT('',(28.8,-2.4,-0.4));
#641 = DIRECTION('',(1.,0.,0.));
#642 = DIRECTION('',(0.,1.,0.));
#643 = ADVANCED_FACE('',(#644),#692,.T.);
#644 = FACE_BOUND('',#645,.T.);
#645 = EDGE_LOOP('',(#646,#647,#655,#661,#662,#670,#678,#684,#685,#686)
  );
#646 = ORIENTED_EDGE('',*,*,#440,.F.);
#647 = ORIENTED_EDGE('',*,*,#648,.T.);
#648 = EDGE_CURVE('',#441,#649,#651,.T.);
#649 = VERTEX_POINT('',#650);
#650 = CARTESIAN_POINT('',(-2.8,-2.4,-4.4));
#651 = LINE('',#652,#653);
#652 = CARTESIAN_POINT('',(-2.8,3.6,-4.4));
#653 = VECTOR('',#654,1.);
#654 = DIRECTION('',(0.,-1.,0.));
#655 = ORIENTED_EDGE('',*,*,#656,.F.);
#656 = EDGE_CURVE('',#112,#649,#657,.T.);
#657 = LINE('',#658,#659);
#658 = CARTESIAN_POINT('',(-2.8,-2.4,-0.4));
#659 = VECTOR('',#660,1.);
#660 = DIRECTION('',(0.,0.,-1.));
#661 = ORIENTED_EDGE('',*,*,#119,.F.);
#662 = ORIENTED_EDGE('',*,*,#663,.T.);
#663 = EDGE_CURVE('',#120,#664,#666,.T.);
#664 = VERTEX_POINT('',#665);
#665 = CARTESIAN_POINT('',(-2.8,-49.6,-4.4));
#666 = LINE('',#667,#668);
#667 = CARTESIAN_POINT('',(-2.8,-49.6,-0.4));
#668 = VECTOR('',#669,1.);
#669 = DIRECTION('',(0.,0.,-1.));
#670 = ORIENTED_EDGE('',*,*,#671,.F.);
#671 = EDGE_CURVE('',#672,#664,#674,.T.);
#672 = VERTEX_POINT('',#673);
#673 = CARTESIAN_POINT('',(-2.8,-55.6,-4.4));
#674 = LINE('',#675,#676);
#675 = CARTESIAN_POINT('',(-2.8,-55.6,-4.4));
#676 = VECTOR('',#677,1.);
#677 = DIRECTION('',(0.,1.,0.));
#678 = ORIENTED_EDGE('',*,*,#679,.F.);
#679 = EDGE_CURVE('',#160,#672,#680,.T.);
#680 = LINE('',#681,#682);
#681 = CARTESIAN_POINT('',(-2.8,-55.6,-0.4));
#682 = VECTOR('',#683,1.);
#683 = DIRECTION('',(0.,0.,-1.));
#684 = ORIENTED_EDGE('',*,*,#167,.F.);
#685 = ORIENTED_EDGE('',*,*,#608,.T.);
#686 = ORIENTED_EDGE('',*,*,#687,.F.);
#687 = EDGE_CURVE('',#443,#601,#688,.T.);
#688 = LINE('',#689,#690);
#689 = CARTESIAN_POINT('',(-2.8,3.6,0.2));
#690 = VECTOR('',#691,1.);
#691 = DIRECTION('',(0.,-1.,0.));
#692 = PLANE('',#693);
#693 = AXIS2_PLACEMENT_3D('',#694,#695,#696);
#694 = CARTESIAN_POINT('',(-2.8,-26.70778097982,-0.710951008646));
#695 = DIRECTION('',(-1.,-0.,-0.));
#696 = DIRECTION('',(0.,0.,-1.));
#697 = ADVANCED_FACE('',(#698),#716,.F.);
#698 = FACE_BOUND('',#699,.F.);
#699 = EDGE_LOOP('',(#700,#701,#709,#715));
#700 = ORIENTED_EDGE('',*,*,#632,.T.);
#701 = ORIENTED_EDGE('',*,*,#702,.T.);
#702 = EDGE_CURVE('',#625,#703,#705,.T.);
#703 = VERTEX_POINT('',#704);
#704 = CARTESIAN_POINT('',(24.8,1.6,-4.4));
#705 = LINE('',#706,#707);
#706 = CARTESIAN_POINT('',(28.8,1.6,-4.4));
#707 = VECTOR('',#708,1.);
#708 = DIRECTION('',(-1.,0.,0.));
#709 = ORIENTED_EDGE('',*,*,#710,.F.);
#710 = EDGE_CURVE('',#64,#703,#711,.T.);
#711 = LINE('',#712,#713);
#712 = CARTESIAN_POINT('',(24.8,1.6,-0.4));
#713 = VECTOR('',#714,1.);
#714 = DIRECTION('',(0.,0.,-1.));
#715 = ORIENTED_EDGE('',*,*,#63,.F.);
#716 = PLANE('',#717);
#717 = AXIS2_PLACEMENT_3D('',#718,#719,#720);
#718 = CARTESIAN_POINT('',(28.8,1.6,-0.4));
#719 = DIRECTION('',(0.,1.,0.));
#720 = DIRECTION('',(-1.,0.,0.));
#721 = ADVANCED_FACE('',(#722),#740,.F.);
#722 = FACE_BOUND('',#723,.F.);
#723 = EDGE_LOOP('',(#724,#732,#738,#739));
#724 = ORIENTED_EDGE('',*,*,#725,.T.);
#725 = EDGE_CURVE('',#152,#726,#728,.T.);
#726 = VERTEX_POINT('',#727);
#727 = CARTESIAN_POINT('',(3.2,-55.6,-4.4));
#728 = LINE('',#729,#730);
#729 = CARTESIAN_POINT('',(3.2,-55.6,-0.4));
#730 = VECTOR('',#731,1.);
#731 = DIRECTION('',(0.,0.,-1.));
#732 = ORIENTED_EDGE('',*,*,#733,.T.);
#733 = EDGE_CURVE('',#726,#672,#734,.T.);
#734 = LINE('',#735,#736);
#735 = CARTESIAN_POINT('',(3.2,-55.6,-4.4));
#736 = VECTOR('',#737,1.);
#737 = DIRECTION('',(-1.,0.,0.));
#738 = ORIENTED_EDGE('',*,*,#679,.F.);
#739 = ORIENTED_EDGE('',*,*,#159,.F.);
#740 = PLANE('',#741);
#741 = AXIS2_PLACEMENT_3D('',#742,#743,#744);
#742 = CARTESIAN_POINT('',(3.2,-55.6,-0.4));
#743 = DIRECTION('',(0.,1.,0.));
#744 = DIRECTION('',(-1.,0.,0.));
#745 = ADVANCED_FACE('',(#746),#757,.F.);
#746 = FACE_BOUND('',#747,.F.);
#747 = EDGE_LOOP('',(#748,#749,#755,#756));
#748 = ORIENTED_EDGE('',*,*,#710,.T.);
#749 = ORIENTED_EDGE('',*,*,#750,.T.);
#750 = EDGE_CURVE('',#703,#467,#751,.T.);
#751 = LINE('',#752,#753);
#752 = CARTESIAN_POINT('',(24.8,1.6,-4.4));
#753 = VECTOR('',#754,1.);
#754 = DIRECTION('',(0.,1.,0.));
#755 = ORIENTED_EDGE('',*,*,#474,.F.);
#756 = ORIENTED_EDGE('',*,*,#71,.F.);
#757 = PLANE('',#758);
#758 = AXIS2_PLACEMENT_3D('',#759,#760,#761);
#759 = CARTESIAN_POINT('',(24.8,1.6,-0.4));
#760 = DIRECTION('',(1.,0.,0.));
#761 = DIRECTION('',(0.,1.,0.));
#762 = ADVANCED_FACE('',(#763),#781,.F.);
#763 = FACE_BOUND('',#764,.F.);
#764 = EDGE_LOOP('',(#765,#773,#779,#780));
#765 = ORIENTED_EDGE('',*,*,#766,.T.);
#766 = EDGE_CURVE('',#144,#767,#769,.T.);
#767 = VERTEX_POINT('',#768);
#768 = CARTESIAN_POINT('',(3.2,-53.6,-4.4));
#769 = LINE('',#770,#771);
#770 = CARTESIAN_POINT('',(3.2,-53.6,-0.4));
#771 = VECTOR('',#772,1.);
#772 = DIRECTION('',(0.,0.,-1.));
#773 = ORIENTED_EDGE('',*,*,#774,.T.);
#774 = EDGE_CURVE('',#767,#726,#775,.T.);
#775 = LINE('',#776,#777);
#776 = CARTESIAN_POINT('',(3.2,-53.6,-4.4));
#777 = VECTOR('',#778,1.);
#778 = DIRECTION('',(0.,-1.,0.));
#779 = ORIENTED_EDGE('',*,*,#725,.F.);
#780 = ORIENTED_EDGE('',*,*,#151,.F.);
#781 = PLANE('',#782);
#782 = AXIS2_PLACEMENT_3D('',#783,#784,#785);
#783 = CARTESIAN_POINT('',(3.2,-53.6,-0.4));
#784 = DIRECTION('',(-1.,-0.,-0.));
#785 = DIRECTION('',(0.,-1.,0.));
#786 = ADVANCED_FACE('',(#787),#805,.F.);
#787 = FACE_BOUND('',#788,.F.);
#788 = EDGE_LOOP('',(#789,#797,#803,#804));
#789 = ORIENTED_EDGE('',*,*,#790,.T.);
#790 = EDGE_CURVE('',#136,#791,#793,.T.);
#791 = VERTEX_POINT('',#792);
#792 = CARTESIAN_POINT('',(-0.8,-53.6,-4.4));
#793 = LINE('',#794,#795);
#794 = CARTESIAN_POINT('',(-0.8,-53.6,-0.4));
#795 = VECTOR('',#796,1.);
#796 = DIRECTION('',(0.,0.,-1.));
#797 = ORIENTED_EDGE('',*,*,#798,.T.);
#798 = EDGE_CURVE('',#791,#767,#799,.T.);
#799 = LINE('',#800,#801);
#800 = CARTESIAN_POINT('',(-0.8,-53.6,-4.4));
#801 = VECTOR('',#802,1.);
#802 = DIRECTION('',(1.,0.,0.));
#803 = ORIENTED_EDGE('',*,*,#766,.F.);
#804 = ORIENTED_EDGE('',*,*,#143,.F.);
#805 = PLANE('',#806);
#806 = AXIS2_PLACEMENT_3D('',#807,#808,#809);
#807 = CARTESIAN_POINT('',(-0.8,-53.6,-0.4));
#808 = DIRECTION('',(0.,-1.,0.));
#809 = DIRECTION('',(1.,0.,0.));
#810 = ADVANCED_FACE('',(#811),#829,.T.);
#811 = FACE_BOUND('',#812,.T.);
#812 = EDGE_LOOP('',(#813,#821,#827,#828));
#813 = ORIENTED_EDGE('',*,*,#814,.T.);
#814 = EDGE_CURVE('',#88,#815,#817,.T.);
#815 = VERTEX_POINT('',#816);
#816 = CARTESIAN_POINT('',(3.2,1.6,-4.4));
#817 = LINE('',#818,#819);
#818 = CARTESIAN_POINT('',(3.2,1.6,-0.4));
#819 = VECTOR('',#820,1.);
#820 = DIRECTION('',(0.,0.,-1.));
#821 = ORIENTED_EDGE('',*,*,#822,.T.);
#822 = EDGE_CURVE('',#815,#482,#823,.T.);
#823 = LINE('',#824,#825);
#824 = CARTESIAN_POINT('',(3.2,1.6,-4.4));
#825 = VECTOR('',#826,1.);
#826 = DIRECTION('',(0.,1.,0.));
#827 = ORIENTED_EDGE('',*,*,#481,.F.);
#828 = ORIENTED_EDGE('',*,*,#87,.F.);
#829 = PLANE('',#830);
#830 = AXIS2_PLACEMENT_3D('',#831,#832,#833);
#831 = CARTESIAN_POINT('',(3.2,1.6,-0.4));
#832 = DIRECTION('',(1.,0.,0.));
#833 = DIRECTION('',(0.,1.,0.));
#834 = ADVANCED_FACE('',(#835),#853,.F.);
#835 = FACE_BOUND('',#836,.F.);
#836 = EDGE_LOOP('',(#837,#845,#851,#852));
#837 = ORIENTED_EDGE('',*,*,#838,.T.);
#838 = EDGE_CURVE('',#128,#839,#841,.T.);
#839 = VERTEX_POINT('',#840);
#840 = CARTESIAN_POINT('',(-0.8,-49.6,-4.4));
#841 = LINE('',#842,#843);
#842 = CARTESIAN_POINT('',(-0.8,-49.6,-0.4));
#843 = VECTOR('',#844,1.);
#844 = DIRECTION('',(0.,0.,-1.));
#845 = ORIENTED_EDGE('',*,*,#846,.T.);
#846 = EDGE_CURVE('',#839,#791,#847,.T.);
#847 = LINE('',#848,#849);
#848 = CARTESIAN_POINT('',(-0.8,-49.6,-4.4));
#849 = VECTOR('',#850,1.);
#850 = DIRECTION('',(0.,-1.,0.));
#851 = ORIENTED_EDGE('',*,*,#790,.F.);
#852 = ORIENTED_EDGE('',*,*,#135,.F.);
#853 = PLANE('',#854);
#854 = AXIS2_PLACEMENT_3D('',#855,#856,#857);
#855 = CARTESIAN_POINT('',(-0.8,-49.6,-0.4));
#856 = DIRECTION('',(-1.,-0.,-0.));
#857 = DIRECTION('',(0.,-1.,0.));
#858 = ADVANCED_FACE('',(#859),#877,.T.);
#859 = FACE_BOUND('',#860,.T.);
#860 = EDGE_LOOP('',(#861,#869,#875,#876));
#861 = ORIENTED_EDGE('',*,*,#862,.T.);
#862 = EDGE_CURVE('',#96,#863,#865,.T.);
#863 = VERTEX_POINT('',#864);
#864 = CARTESIAN_POINT('',(-0.8,1.6,-4.4));
#865 = LINE('',#866,#867);
#866 = CARTESIAN_POINT('',(-0.8,1.6,-0.4));
#867 = VECTOR('',#868,1.);
#868 = DIRECTION('',(0.,0.,-1.));
#869 = ORIENTED_EDGE('',*,*,#870,.T.);
#870 = EDGE_CURVE('',#863,#815,#871,.T.);
#871 = LINE('',#872,#873);
#872 = CARTESIAN_POINT('',(-0.8,1.6,-4.4));
#873 = VECTOR('',#874,1.);
#874 = DIRECTION('',(1.,0.,0.));
#875 = ORIENTED_EDGE('',*,*,#814,.F.);
#876 = ORIENTED_EDGE('',*,*,#95,.F.);
#877 = PLANE('',#878);
#878 = AXIS2_PLACEMENT_3D('',#879,#880,#881);
#879 = CARTESIAN_POINT('',(-0.8,1.6,-0.4));
#880 = DIRECTION('',(0.,-1.,0.));
#881 = DIRECTION('',(1.,0.,0.));
#882 = ADVANCED_FACE('',(#883),#894,.F.);
#883 = FACE_BOUND('',#884,.F.);
#884 = EDGE_LOOP('',(#885,#886,#892,#893));
#885 = ORIENTED_EDGE('',*,*,#663,.T.);
#886 = ORIENTED_EDGE('',*,*,#887,.T.);
#887 = EDGE_CURVE('',#664,#839,#888,.T.);
#888 = LINE('',#889,#890);
#889 = CARTESIAN_POINT('',(-2.8,-49.6,-4.4));
#890 = VECTOR('',#891,1.);
#891 = DIRECTION('',(1.,0.,0.));
#892 = ORIENTED_EDGE('',*,*,#838,.F.);
#893 = ORIENTED_EDGE('',*,*,#127,.F.);
#894 = PLANE('',#895);
#895 = AXIS2_PLACEMENT_3D('',#896,#897,#898);
#896 = CARTESIAN_POINT('',(-2.8,-49.6,-0.4));
#897 = DIRECTION('',(0.,-1.,0.));
#898 = DIRECTION('',(1.,0.,0.));
#899 = ADVANCED_FACE('',(#900),#918,.T.);
#900 = FACE_BOUND('',#901,.T.);
#901 = EDGE_LOOP('',(#902,#910,#916,#917));
#902 = ORIENTED_EDGE('',*,*,#903,.T.);
#903 = EDGE_CURVE('',#104,#904,#906,.T.);
#904 = VERTEX_POINT('',#905);
#905 = CARTESIAN_POINT('',(-0.8,-2.4,-4.4));
#906 = LINE('',#907,#908);
#907 = CARTESIAN_POINT('',(-0.8,-2.4,-0.4));
#908 = VECTOR('',#909,1.);
#909 = DIRECTION('',(0.,0.,-1.));
#910 = ORIENTED_EDGE('',*,*,#911,.T.);
#911 = EDGE_CURVE('',#904,#863,#912,.T.);
#912 = LINE('',#913,#914);
#913 = CARTESIAN_POINT('',(-0.8,-2.4,-4.4));
#914 = VECTOR('',#915,1.);
#915 = DIRECTION('',(0.,1.,0.));
#916 = ORIENTED_EDGE('',*,*,#862,.F.);
#917 = ORIENTED_EDGE('',*,*,#103,.F.);
#918 = PLANE('',#919);
#919 = AXIS2_PLACEMENT_3D('',#920,#921,#922);
#920 = CARTESIAN_POINT('',(-0.8,-2.4,-0.4));
#921 = DIRECTION('',(1.,0.,0.));
#922 = DIRECTION('',(0.,1.,0.));
#923 = ADVANCED_FACE('',(#924),#935,.T.);
#924 = FACE_BOUND('',#925,.T.);
#925 = EDGE_LOOP('',(#926,#927,#933,#934));
#926 = ORIENTED_EDGE('',*,*,#656,.T.);
#927 = ORIENTED_EDGE('',*,*,#928,.T.);
#928 = EDGE_CURVE('',#649,#904,#929,.T.);
#929 = LINE('',#930,#931);
#930 = CARTESIAN_POINT('',(-2.8,-2.4,-4.4));
#931 = VECTOR('',#932,1.);
#932 = DIRECTION('',(1.,0.,0.));
#933 = ORIENTED_EDGE('',*,*,#903,.F.);
#934 = ORIENTED_EDGE('',*,*,#111,.F.);
#935 = PLANE('',#936);
#936 = AXIS2_PLACEMENT_3D('',#937,#938,#939);
#937 = CARTESIAN_POINT('',(-2.8,-2.4,-0.4));
#938 = DIRECTION('',(0.,-1.,0.));
#939 = DIRECTION('',(1.,0.,0.));
#940 = ADVANCED_FACE('',(#941),#960,.T.);
#941 = FACE_BOUND('',#942,.F.);
#942 = EDGE_LOOP('',(#943,#951,#958,#959));
#943 = ORIENTED_EDGE('',*,*,#944,.T.);
#944 = EDGE_CURVE('',#200,#945,#947,.T.);
#945 = VERTEX_POINT('',#946);
#946 = CARTESIAN_POINT('',(10.,-84.,-5.4));
#947 = LINE('',#948,#949);
#948 = CARTESIAN_POINT('',(10.,-84.,-0.4));
#949 = VECTOR('',#950,1.);
#950 = DIRECTION('',(0.,0.,-1.));
#951 = ORIENTED_EDGE('',*,*,#952,.T.);
#952 = EDGE_CURVE('',#945,#945,#953,.T.);
#953 = CIRCLE('',#954,1.5);
#954 = AXIS2_PLACEMENT_3D('',#955,#956,#957);
#955 = CARTESIAN_POINT('',(8.5,-84.,-5.4));
#956 = DIRECTION('',(0.,0.,-1.));
#957 = DIRECTION('',(1.,0.,0.));
#958 = ORIENTED_EDGE('',*,*,#944,.F.);
#959 = ORIENTED_EDGE('',*,*,#199,.F.);
#960 = CYLINDRICAL_SURFACE('',#961,1.5);
#961 = AXIS2_PLACEMENT_3D('',#962,#963,#964);
#962 = CARTESIAN_POINT('',(8.5,-84.,-0.4));
#963 = DIRECTION('',(0.,0.,1.));
#964 = DIRECTION('',(1.,0.,0.));
#965 = ADVANCED_FACE('',(#966),#985,.T.);
#966 = FACE_BOUND('',#967,.F.);
#967 = EDGE_LOOP('',(#968,#976,#983,#984));
#968 = ORIENTED_EDGE('',*,*,#969,.T.);
#969 = EDGE_CURVE('',#211,#970,#972,.T.);
#970 = VERTEX_POINT('',#971);
#971 = CARTESIAN_POINT('',(21.,-84.,-5.4));
#972 = LINE('',#973,#974);
#973 = CARTESIAN_POINT('',(21.,-84.,-0.4));
#974 = VECTOR('',#975,1.);
#975 = DIRECTION('',(0.,0.,-1.));
#976 = ORIENTED_EDGE('',*,*,#977,.T.);
#977 = EDGE_CURVE('',#970,#970,#978,.T.);
#978 = CIRCLE('',#979,1.5);
#979 = AXIS2_PLACEMENT_3D('',#980,#981,#982);
#980 = CARTESIAN_POINT('',(19.5,-84.,-5.4));
#981 = DIRECTION('',(0.,0.,-1.));
#982 = DIRECTION('',(1.,0.,0.));
#983 = ORIENTED_EDGE('',*,*,#969,.F.);
#984 = ORIENTED_EDGE('',*,*,#210,.F.);
#985 = CYLINDRICAL_SURFACE('',#986,1.5);
#986 = AXIS2_PLACEMENT_3D('',#987,#988,#989);
#987 = CARTESIAN_POINT('',(19.5,-84.,-0.4));
#988 = DIRECTION('',(0.,0.,1.));
#989 = DIRECTION('',(1.,0.,0.));
#990 = ADVANCED_FACE('',(#991),#1016,.T.);
#991 = FACE_BOUND('',#992,.T.);
#992 = EDGE_LOOP('',(#993,#1001,#1009,#1015));
#993 = ORIENTED_EDGE('',*,*,#994,.T.);
#994 = EDGE_CURVE('',#222,#995,#997,.T.);
#995 = VERTEX_POINT('',#996);
#996 = CARTESIAN_POINT('',(28.8,-49.6,-4.4));
#997 = LINE('',#998,#999);
#998 = CARTESIAN_POINT('',(28.8,-49.6,-0.4));
#999 = VECTOR('',#1000,1.);
#1000 = DIRECTION('',(0.,0.,-1.));
#1001 = ORIENTED_EDGE('',*,*,#1002,.T.);
#1002 = EDGE_CURVE('',#995,#1003,#1005,.T.);
#1003 = VERTEX_POINT('',#1004);
#1004 = CARTESIAN_POINT('',(28.8,-53.6,-4.4));
#1005 = LINE('',#1006,#1007);
#1006 = CARTESIAN_POINT('',(28.8,-49.6,-4.4));
#1007 = VECTOR('',#1008,1.);
#1008 = DIRECTION('',(0.,-1.,0.));
#1009 = ORIENTED_EDGE('',*,*,#1010,.F.);
#1010 = EDGE_CURVE('',#224,#1003,#1011,.T.);
#1011 = LINE('',#1012,#1013);
#1012 = CARTESIAN_POINT('',(28.8,-53.6,-0.4));
#1013 = VECTOR('',#1014,1.);
#1014 = DIRECTION('',(0.,0.,-1.));
#1015 = ORIENTED_EDGE('',*,*,#221,.F.);
#1016 = PLANE('',#1017);
#1017 = AXIS2_PLACEMENT_3D('',#1018,#1019,#1020);
#1018 = CARTESIAN_POINT('',(28.8,-49.6,-0.4));
#1019 = DIRECTION('',(-1.,-0.,-0.));
#1020 = DIRECTION('',(0.,-1.,0.));
#1021 = ADVANCED_FACE('',(#1022),#1040,.T.);
#1022 = FACE_BOUND('',#1023,.T.);
#1023 = EDGE_LOOP('',(#1024,#1032,#1038,#1039));
#1024 = ORIENTED_EDGE('',*,*,#1025,.T.);
#1025 = EDGE_CURVE('',#232,#1026,#1028,.T.);
#1026 = VERTEX_POINT('',#1027);
#1027 = CARTESIAN_POINT('',(30.8,-49.6,-4.4));
#1028 = LINE('',#1029,#1030);
#1029 = CARTESIAN_POINT('',(30.8,-49.6,-0.4));
#1030 = VECTOR('',#1031,1.);
#1031 = DIRECTION('',(0.,0.,-1.));
#1032 = ORIENTED_EDGE('',*,*,#1033,.T.);
#1033 = EDGE_CURVE('',#1026,#995,#1034,.T.);
#1034 = LINE('',#1035,#1036);
#1035 = CARTESIAN_POINT('',(30.8,-49.6,-4.4));
#1036 = VECTOR('',#1037,1.);
#1037 = DIRECTION('',(-1.,0.,0.));
#1038 = ORIENTED_EDGE('',*,*,#994,.F.);
#1039 = ORIENTED_EDGE('',*,*,#231,.F.);
#1040 = PLANE('',#1041);
#1041 = AXIS2_PLACEMENT_3D('',#1042,#1043,#1044);
#1042 = CARTESIAN_POINT('',(30.8,-49.6,-0.4));
#1043 = DIRECTION('',(0.,1.,0.));
#1044 = DIRECTION('',(-1.,0.,0.));
#1045 = ADVANCED_FACE('',(#1046),#1064,.T.);
#1046 = FACE_BOUND('',#1047,.T.);
#1047 = EDGE_LOOP('',(#1048,#1049,#1057,#1063));
#1048 = ORIENTED_EDGE('',*,*,#1010,.T.);
#1049 = ORIENTED_EDGE('',*,*,#1050,.T.);
#1050 = EDGE_CURVE('',#1003,#1051,#1053,.T.);
#1051 = VERTEX_POINT('',#1052);
#1052 = CARTESIAN_POINT('',(24.8,-53.6,-4.4));
#1053 = LINE('',#1054,#1055);
#1054 = CARTESIAN_POINT('',(28.8,-53.6,-4.4));
#1055 = VECTOR('',#1056,1.);
#1056 = DIRECTION('',(-1.,0.,0.));
#1057 = ORIENTED_EDGE('',*,*,#1058,.F.);
#1058 = EDGE_CURVE('',#256,#1051,#1059,.T.);
#1059 = LINE('',#1060,#1061);
#1060 = CARTESIAN_POINT('',(24.8,-53.6,-0.4));
#1061 = VECTOR('',#1062,1.);
#1062 = DIRECTION('',(0.,0.,-1.));
#1063 = ORIENTED_EDGE('',*,*,#263,.F.);
#1064 = PLANE('',#1065);
#1065 = AXIS2_PLACEMENT_3D('',#1066,#1067,#1068);
#1066 = CARTESIAN_POINT('',(28.8,-53.6,-0.4));
#1067 = DIRECTION('',(0.,1.,0.));
#1068 = DIRECTION('',(-1.,0.,0.));
#1069 = ADVANCED_FACE('',(#1070),#1088,.T.);
#1070 = FACE_BOUND('',#1071,.T.);
#1071 = EDGE_LOOP('',(#1072,#1080,#1086,#1087));
#1072 = ORIENTED_EDGE('',*,*,#1073,.T.);
#1073 = EDGE_CURVE('',#240,#1074,#1076,.T.);
#1074 = VERTEX_POINT('',#1075);
#1075 = CARTESIAN_POINT('',(30.8,-55.6,-4.4));
#1076 = LINE('',#1077,#1078);
#1077 = CARTESIAN_POINT('',(30.8,-55.6,-0.4));
#1078 = VECTOR('',#1079,1.);
#1079 = DIRECTION('',(0.,0.,-1.));
#1080 = ORIENTED_EDGE('',*,*,#1081,.T.);
#1081 = EDGE_CURVE('',#1074,#1026,#1082,.T.);
#1082 = LINE('',#1083,#1084);
#1083 = CARTESIAN_POINT('',(30.8,-55.6,-4.4));
#1084 = VECTOR('',#1085,1.);
#1085 = DIRECTION('',(0.,1.,0.));
#1086 = ORIENTED_EDGE('',*,*,#1025,.F.);
#1087 = ORIENTED_EDGE('',*,*,#239,.F.);
#1088 = PLANE('',#1089);
#1089 = AXIS2_PLACEMENT_3D('',#1090,#1091,#1092);
#1090 = CARTESIAN_POINT('',(30.8,-55.6,-0.4));
#1091 = DIRECTION('',(1.,0.,0.));
#1092 = DIRECTION('',(0.,1.,0.));
#1093 = ADVANCED_FACE('',(#1094),#1112,.T.);
#1094 = FACE_BOUND('',#1095,.T.);
#1095 = EDGE_LOOP('',(#1096,#1097,#1105,#1111));
#1096 = ORIENTED_EDGE('',*,*,#1058,.T.);
#1097 = ORIENTED_EDGE('',*,*,#1098,.T.);
#1098 = EDGE_CURVE('',#1051,#1099,#1101,.T.);
#1099 = VERTEX_POINT('',#1100);
#1100 = CARTESIAN_POINT('',(24.8,-55.6,-4.4));
#1101 = LINE('',#1102,#1103);
#1102 = CARTESIAN_POINT('',(24.8,-53.6,-4.4));
#1103 = VECTOR('',#1104,1.);
#1104 = DIRECTION('',(0.,-1.,0.));
#1105 = ORIENTED_EDGE('',*,*,#1106,.F.);
#1106 = EDGE_CURVE('',#248,#1099,#1107,.T.);
#1107 = LINE('',#1108,#1109);
#1108 = CARTESIAN_POINT('',(24.8,-55.6,-0.4));
#1109 = VECTOR('',#1110,1.);
#1110 = DIRECTION('',(0.,0.,-1.));
#1111 = ORIENTED_EDGE('',*,*,#255,.F.);
#1112 = PLANE('',#1113);
#1113 = AXIS2_PLACEMENT_3D('',#1114,#1115,#1116);
#1114 = CARTESIAN_POINT('',(24.8,-53.6,-0.4));
#1115 = DIRECTION('',(-1.,-0.,-0.));
#1116 = DIRECTION('',(0.,-1.,0.));
#1117 = ADVANCED_FACE('',(#1118),#1129,.T.);
#1118 = FACE_BOUND('',#1119,.T.);
#1119 = EDGE_LOOP('',(#1120,#1121,#1127,#1128));
#1120 = ORIENTED_EDGE('',*,*,#1106,.T.);
#1121 = ORIENTED_EDGE('',*,*,#1122,.T.);
#1122 = EDGE_CURVE('',#1099,#1074,#1123,.T.);
#1123 = LINE('',#1124,#1125);
#1124 = CARTESIAN_POINT('',(24.8,-55.6,-4.4));
#1125 = VECTOR('',#1126,1.);
#1126 = DIRECTION('',(1.,0.,0.));
#1127 = ORIENTED_EDGE('',*,*,#1073,.F.);
#1128 = ORIENTED_EDGE('',*,*,#247,.F.);
#1129 = PLANE('',#1130);
#1130 = AXIS2_PLACEMENT_3D('',#1131,#1132,#1133);
#1131 = CARTESIAN_POINT('',(24.8,-55.6,-0.4));
#1132 = DIRECTION('',(0.,-1.,0.));
#1133 = DIRECTION('',(1.,0.,0.));
#1134 = ADVANCED_FACE('',(#1135),#1163,.T.);
#1135 = FACE_BOUND('',#1136,.T.);
#1136 = EDGE_LOOP('',(#1137,#1138,#1147,#1156));
#1137 = ORIENTED_EDGE('',*,*,#271,.T.);
#1138 = ORIENTED_EDGE('',*,*,#1139,.F.);
#1139 = EDGE_CURVE('',#1140,#274,#1142,.T.);
#1140 = VERTEX_POINT('',#1141);
#1141 = CARTESIAN_POINT('',(40.442428528563,-72.,-3.4));
#1142 = HYPERBOLA('',#1143,0.5,0.5);
#1143 = AXIS2_PLACEMENT_3D('',#1144,#1145,#1146);
#1144 = CARTESIAN_POINT('',(38.3,-72.,-5.6));
#1145 = DIRECTION('',(0.,1.,0.));
#1146 = DIRECTION('',(0.,0.,1.));
#1147 = ORIENTED_EDGE('',*,*,#1148,.F.);
#1148 = EDGE_CURVE('',#1149,#1140,#1151,.T.);
#1149 = VERTEX_POINT('',#1150);
#1150 = CARTESIAN_POINT('',(37.8,-74.64242852856,-3.4));
#1151 = CIRCLE('',#1152,2.2);
#1152 = AXIS2_PLACEMENT_3D('',#1153,#1154,#1155);
#1153 = CARTESIAN_POINT('',(38.3,-72.5,-3.4));
#1154 = DIRECTION('',(0.,0.,-1.));
#1155 = DIRECTION('',(1.,0.,0.));
#1156 = ORIENTED_EDGE('',*,*,#1157,.F.);
#1157 = EDGE_CURVE('',#272,#1149,#1158,.T.);
#1158 = HYPERBOLA('',#1159,0.5,0.5);
#1159 = AXIS2_PLACEMENT_3D('',#1160,#1161,#1162);
#1160 = CARTESIAN_POINT('',(37.8,-72.5,-5.6));
#1161 = DIRECTION('',(-1.,0.,0.));
#1162 = DIRECTION('',(0.,0.,1.));
#1163 = CONICAL_SURFACE('',#1164,2.2,0.785398163397);
#1164 = AXIS2_PLACEMENT_3D('',#1165,#1166,#1167);
#1165 = CARTESIAN_POINT('',(38.3,-72.5,-3.4));
#1166 = DIRECTION('',(0.,0.,1.));
#1167 = DIRECTION('',(1.,0.,0.));
#1168 = ADVANCED_FACE('',(#1169),#1204,.T.);
#1169 = FACE_BOUND('',#1170,.T.);
#1170 = EDGE_LOOP('',(#1171,#1181,#1189,#1196,#1197,#1198));
#1171 = ORIENTED_EDGE('',*,*,#1172,.F.);
#1172 = EDGE_CURVE('',#1173,#1175,#1177,.T.);
#1173 = VERTEX_POINT('',#1174);
#1174 = CARTESIAN_POINT('',(37.8,-95.25500556793,-18.4));
#1175 = VERTEX_POINT('',#1176);
#1176 = CARTESIAN_POINT('',(37.8,-74.64242852856,-18.4));
#1177 = LINE('',#1178,#1179);
#1178 = CARTESIAN_POINT('',(37.8,-95.25500556793,-18.4));
#1179 = VECTOR('',#1180,1.);
#1180 = DIRECTION('',(0.,1.,0.));
#1181 = ORIENTED_EDGE('',*,*,#1182,.T.);
#1182 = EDGE_CURVE('',#1173,#1183,#1185,.T.);
#1183 = VERTEX_POINT('',#1184);
#1184 = CARTESIAN_POINT('',(37.8,-95.25500556793,-3.4));
#1185 = LINE('',#1186,#1187);
#1186 = CARTESIAN_POINT('',(37.8,-95.25500556793,-18.4));
#1187 = VECTOR('',#1188,1.);
#1188 = DIRECTION('',(0.,0.,1.));
#1189 = ORIENTED_EDGE('',*,*,#1190,.T.);
#1190 = EDGE_CURVE('',#1183,#343,#1191,.T.);
#1191 = HYPERBOLA('',#1192,0.5,0.5);
#1192 = AXIS2_PLACEMENT_3D('',#1193,#1194,#1195);
#1193 = CARTESIAN_POINT('',(37.8,-97.5,-5.7));
#1194 = DIRECTION('',(-1.,0.,0.));
#1195 = DIRECTION('',(0.,0.,1.));
#1196 = ORIENTED_EDGE('',*,*,#351,.T.);
#1197 = ORIENTED_EDGE('',*,*,#1157,.T.);
#1198 = ORIENTED_EDGE('',*,*,#1199,.F.);
#1199 = EDGE_CURVE('',#1175,#1149,#1200,.T.);
#1200 = LINE('',#1201,#1202);
#1201 = CARTESIAN_POINT('',(37.8,-74.64242852856,-18.4));
#1202 = VECTOR('',#1203,1.);
#1203 = DIRECTION('',(0.,0.,1.));
#1204 = PLANE('',#1205);
#1205 = AXIS2_PLACEMENT_3D('',#1206,#1207,#1208);
#1206 = CARTESIAN_POINT('',(37.8,-95.25500556793,-18.4));
#1207 = DIRECTION('',(-1.,0.,0.));
#1208 = DIRECTION('',(0.,1.,0.));
#1209 = ADVANCED_FACE('',(#1210),#1230,.T.);
#1210 = FACE_BOUND('',#1211,.T.);
#1211 = EDGE_LOOP('',(#1212,#1221,#1222,#1223));
#1212 = ORIENTED_EDGE('',*,*,#1213,.T.);
#1213 = EDGE_CURVE('',#1214,#335,#1216,.T.);
#1214 = VERTEX_POINT('',#1215);
#1215 = CARTESIAN_POINT('',(40.544994432064,-98.,-3.4));
#1216 = HYPERBOLA('',#1217,0.5,0.5);
#1217 = AXIS2_PLACEMENT_3D('',#1218,#1219,#1220);
#1218 = CARTESIAN_POINT('',(38.3,-98.,-5.7));
#1219 = DIRECTION('',(9.793827573344E-15,1.,-0.));
#1220 = DIRECTION('',(0.,0.,1.));
#1221 = ORIENTED_EDGE('',*,*,#342,.T.);
#1222 = ORIENTED_EDGE('',*,*,#1190,.F.);
#1223 = ORIENTED_EDGE('',*,*,#1224,.F.);
#1224 = EDGE_CURVE('',#1214,#1183,#1225,.T.);
#1225 = CIRCLE('',#1226,2.3);
#1226 = AXIS2_PLACEMENT_3D('',#1227,#1228,#1229);
#1227 = CARTESIAN_POINT('',(38.3,-97.5,-3.4));
#1228 = DIRECTION('',(0.,0.,-1.));
#1229 = DIRECTION('',(1.,0.,0.));
#1230 = CONICAL_SURFACE('',#1231,2.3,0.785398163397);
#1231 = AXIS2_PLACEMENT_3D('',#1232,#1233,#1234);
#1232 = CARTESIAN_POINT('',(38.3,-97.5,-3.4));
#1233 = DIRECTION('',(0.,0.,1.));
#1234 = DIRECTION('',(1.,0.,0.));
#1235 = ADVANCED_FACE('',(#1236),#1271,.F.);
#1236 = FACE_BOUND('',#1237,.F.);
#1237 = EDGE_LOOP('',(#1238,#1248,#1254,#1255,#1256,#1265));
#1238 = ORIENTED_EDGE('',*,*,#1239,.F.);
#1239 = EDGE_CURVE('',#1240,#1242,#1244,.T.);
#1240 = VERTEX_POINT('',#1241);
#1241 = CARTESIAN_POINT('',(40.544994432064,-98.,-18.4));
#1242 = VERTEX_POINT('',#1243);
#1243 = CARTESIAN_POINT('',(55.055005567936,-98.,-18.4));
#1244 = LINE('',#1245,#1246);
#1245 = CARTESIAN_POINT('',(40.544994432064,-98.,-18.4));
#1246 = VECTOR('',#1247,1.);
#1247 = DIRECTION('',(1.,-9.793827573344E-15,0.));
#1248 = ORIENTED_EDGE('',*,*,#1249,.T.);
#1249 = EDGE_CURVE('',#1240,#1214,#1250,.T.);
#1250 = LINE('',#1251,#1252);
#1251 = CARTESIAN_POINT('',(40.544994432064,-98.,-18.4));
#1252 = VECTOR('',#1253,1.);
#1253 = DIRECTION('',(0.,0.,1.));
#1254 = ORIENTED_EDGE('',*,*,#1213,.T.);
#1255 = ORIENTED_EDGE('',*,*,#334,.T.);
#1256 = ORIENTED_EDGE('',*,*,#1257,.T.);
#1257 = EDGE_CURVE('',#326,#1258,#1260,.T.);
#1258 = VERTEX_POINT('',#1259);
#1259 = CARTESIAN_POINT('',(55.055005567936,-98.,-3.4));
#1260 = HYPERBOLA('',#1261,0.5,0.5);
#1261 = AXIS2_PLACEMENT_3D('',#1262,#1263,#1264);
#1262 = CARTESIAN_POINT('',(57.3,-98.,-5.7));
#1263 = DIRECTION('',(9.793827573344E-15,1.,-0.));
#1264 = DIRECTION('',(0.,0.,1.));
#1265 = ORIENTED_EDGE('',*,*,#1266,.F.);
#1266 = EDGE_CURVE('',#1242,#1258,#1267,.T.);
#1267 = LINE('',#1268,#1269);
#1268 = CARTESIAN_POINT('',(55.055005567936,-98.,-18.4));
#1269 = VECTOR('',#1270,1.);
#1270 = DIRECTION('',(0.,0.,1.));
#1271 = PLANE('',#1272);
#1272 = AXIS2_PLACEMENT_3D('',#1273,#1274,#1275);
#1273 = CARTESIAN_POINT('',(40.544994432064,-98.,-18.4));
#1274 = DIRECTION('',(9.793827573344E-15,1.,0.));
#1275 = DIRECTION('',(1.,-9.793827573344E-15,0.));
#1276 = ADVANCED_FACE('',(#1277),#1296,.T.);
#1277 = FACE_BOUND('',#1278,.T.);
#1278 = EDGE_LOOP('',(#1279,#1287,#1288,#1289));
#1279 = ORIENTED_EDGE('',*,*,#1280,.F.);
#1280 = EDGE_CURVE('',#317,#1281,#1283,.T.);
#1281 = VERTEX_POINT('',#1282);
#1282 = CARTESIAN_POINT('',(59.6,-97.5,-3.4));
#1283 = LINE('',#1284,#1285);
#1284 = CARTESIAN_POINT('',(59.6,-97.5,-3.4));
#1285 = VECTOR('',#1286,1.);
#1286 = DIRECTION('',(-0.707106781187,0.,-0.707106781187));
#1287 = ORIENTED_EDGE('',*,*,#325,.T.);
#1288 = ORIENTED_EDGE('',*,*,#1257,.T.);
#1289 = ORIENTED_EDGE('',*,*,#1290,.F.);
#1290 = EDGE_CURVE('',#1281,#1258,#1291,.T.);
#1291 = CIRCLE('',#1292,2.3);
#1292 = AXIS2_PLACEMENT_3D('',#1293,#1294,#1295);
#1293 = CARTESIAN_POINT('',(57.3,-97.5,-3.4));
#1294 = DIRECTION('',(0.,0.,-1.));
#1295 = DIRECTION('',(1.,0.,0.));
#1296 = CONICAL_SURFACE('',#1297,2.3,0.785398163397);
#1297 = AXIS2_PLACEMENT_3D('',#1298,#1299,#1300);
#1298 = CARTESIAN_POINT('',(57.3,-97.5,-3.4));
#1299 = DIRECTION('',(0.,0.,1.));
#1300 = DIRECTION('',(1.,0.,0.));
#1301 = ADVANCED_FACE('',(#1302),#1322,.T.);
#1302 = FACE_BOUND('',#1303,.T.);
#1303 = EDGE_LOOP('',(#1304,#1305,#1306,#1315));
#1304 = ORIENTED_EDGE('',*,*,#316,.T.);
#1305 = ORIENTED_EDGE('',*,*,#1280,.T.);
#1306 = ORIENTED_EDGE('',*,*,#1307,.F.);
#1307 = EDGE_CURVE('',#1308,#1281,#1310,.T.);
#1308 = VERTEX_POINT('',#1309);
#1309 = CARTESIAN_POINT('',(57.8,-95.25500556793,-3.4));
#1310 = CIRCLE('',#1311,2.3);
#1311 = AXIS2_PLACEMENT_3D('',#1312,#1313,#1314);
#1312 = CARTESIAN_POINT('',(57.3,-97.5,-3.4));
#1313 = DIRECTION('',(0.,0.,-1.));
#1314 = DIRECTION('',(1.,0.,0.));
#1315 = ORIENTED_EDGE('',*,*,#1316,.F.);
#1316 = EDGE_CURVE('',#309,#1308,#1317,.T.);
#1317 = HYPERBOLA('',#1318,0.5,0.5);
#1318 = AXIS2_PLACEMENT_3D('',#1319,#1320,#1321);
#1319 = CARTESIAN_POINT('',(57.8,-97.5,-5.7));
#1320 = DIRECTION('',(1.,0.,-0.));
#1321 = DIRECTION('',(0.,0.,1.));
#1322 = CONICAL_SURFACE('',#1323,2.3,0.785398163397);
#1323 = AXIS2_PLACEMENT_3D('',#1324,#1325,#1326);
#1324 = CARTESIAN_POINT('',(57.3,-97.5,-3.4));
#1325 = DIRECTION('',(0.,0.,1.));
#1326 = DIRECTION('',(1.,0.,0.));
#1327 = ADVANCED_FACE('',(#1328),#1363,.T.);
#1328 = FACE_BOUND('',#1329,.T.);
#1329 = EDGE_LOOP('',(#1330,#1340,#1348,#1355,#1356,#1357));
#1330 = ORIENTED_EDGE('',*,*,#1331,.F.);
#1331 = EDGE_CURVE('',#1332,#1334,#1336,.T.);
#1332 = VERTEX_POINT('',#1333);
#1333 = CARTESIAN_POINT('',(57.8,-74.64242852856,-18.4));
#1334 = VERTEX_POINT('',#1335);
#1335 = CARTESIAN_POINT('',(57.8,-95.25500556793,-18.4));
#1336 = LINE('',#1337,#1338);
#1337 = CARTESIAN_POINT('',(57.8,-74.64242852856,-18.4));
#1338 = VECTOR('',#1339,1.);
#1339 = DIRECTION('',(0.,-1.,0.));
#1340 = ORIENTED_EDGE('',*,*,#1341,.T.);
#1341 = EDGE_CURVE('',#1332,#1342,#1344,.T.);
#1342 = VERTEX_POINT('',#1343);
#1343 = CARTESIAN_POINT('',(57.8,-74.64242852856,-3.4));
#1344 = LINE('',#1345,#1346);
#1345 = CARTESIAN_POINT('',(57.8,-74.64242852856,-18.4));
#1346 = VECTOR('',#1347,1.);
#1347 = DIRECTION('',(0.,0.,1.));
#1348 = ORIENTED_EDGE('',*,*,#1349,.T.);
#1349 = EDGE_CURVE('',#1342,#300,#1350,.T.);
#1350 = HYPERBOLA('',#1351,0.5,0.5);
#1351 = AXIS2_PLACEMENT_3D('',#1352,#1353,#1354);
#1352 = CARTESIAN_POINT('',(57.8,-72.5,-5.6));
#1353 = DIRECTION('',(1.,0.,-0.));
#1354 = DIRECTION('',(0.,0.,1.));
#1355 = ORIENTED_EDGE('',*,*,#308,.T.);
#1356 = ORIENTED_EDGE('',*,*,#1316,.T.);
#1357 = ORIENTED_EDGE('',*,*,#1358,.F.);
#1358 = EDGE_CURVE('',#1334,#1308,#1359,.T.);
#1359 = LINE('',#1360,#1361);
#1360 = CARTESIAN_POINT('',(57.8,-95.25500556793,-18.4));
#1361 = VECTOR('',#1362,1.);
#1362 = DIRECTION('',(0.,0.,1.));
#1363 = PLANE('',#1364);
#1364 = AXIS2_PLACEMENT_3D('',#1365,#1366,#1367);
#1365 = CARTESIAN_POINT('',(57.8,-74.64242852856,-18.4));
#1366 = DIRECTION('',(1.,0.,0.));
#1367 = DIRECTION('',(0.,-1.,0.));
#1368 = ADVANCED_FACE('',(#1369),#1388,.T.);
#1369 = FACE_BOUND('',#1370,.T.);
#1370 = EDGE_LOOP('',(#1371,#1379,#1380,#1381));
#1371 = ORIENTED_EDGE('',*,*,#1372,.F.);
#1372 = EDGE_CURVE('',#291,#1373,#1375,.T.);
#1373 = VERTEX_POINT('',#1374);
#1374 = CARTESIAN_POINT('',(59.5,-72.5,-3.4));
#1375 = LINE('',#1376,#1377);
#1376 = CARTESIAN_POINT('',(59.5,-72.5,-3.4));
#1377 = VECTOR('',#1378,1.);
#1378 = DIRECTION('',(-0.707106781187,0.,-0.707106781187));
#1379 = ORIENTED_EDGE('',*,*,#299,.T.);
#1380 = ORIENTED_EDGE('',*,*,#1349,.F.);
#1381 = ORIENTED_EDGE('',*,*,#1382,.F.);
#1382 = EDGE_CURVE('',#1373,#1342,#1383,.T.);
#1383 = CIRCLE('',#1384,2.2);
#1384 = AXIS2_PLACEMENT_3D('',#1385,#1386,#1387);
#1385 = CARTESIAN_POINT('',(57.3,-72.5,-3.4));
#1386 = DIRECTION('',(0.,0.,-1.));
#1387 = DIRECTION('',(1.,0.,0.));
#1388 = CONICAL_SURFACE('',#1389,2.2,0.785398163397);
#1389 = AXIS2_PLACEMENT_3D('',#1390,#1391,#1392);
#1390 = CARTESIAN_POINT('',(57.3,-72.5,-3.4));
#1391 = DIRECTION('',(0.,0.,1.));
#1392 = DIRECTION('',(1.,0.,0.));
#1393 = ADVANCED_FACE('',(#1394),#1414,.T.);
#1394 = FACE_BOUND('',#1395,.T.);
#1395 = EDGE_LOOP('',(#1396,#1397,#1398,#1407));
#1396 = ORIENTED_EDGE('',*,*,#290,.T.);
#1397 = ORIENTED_EDGE('',*,*,#1372,.T.);
#1398 = ORIENTED_EDGE('',*,*,#1399,.F.);
#1399 = EDGE_CURVE('',#1400,#1373,#1402,.T.);
#1400 = VERTEX_POINT('',#1401);
#1401 = CARTESIAN_POINT('',(55.157571471437,-72.,-3.4));
#1402 = CIRCLE('',#1403,2.2);
#1403 = AXIS2_PLACEMENT_3D('',#1404,#1405,#1406);
#1404 = CARTESIAN_POINT('',(57.3,-72.5,-3.4));
#1405 = DIRECTION('',(0.,0.,-1.));
#1406 = DIRECTION('',(1.,0.,0.));
#1407 = ORIENTED_EDGE('',*,*,#1408,.F.);
#1408 = EDGE_CURVE('',#283,#1400,#1409,.T.);
#1409 = HYPERBOLA('',#1410,0.5,0.5);
#1410 = AXIS2_PLACEMENT_3D('',#1411,#1412,#1413);
#1411 = CARTESIAN_POINT('',(57.3,-72.,-5.6));
#1412 = DIRECTION('',(0.,1.,0.));
#1413 = DIRECTION('',(0.,0.,1.));
#1414 = CONICAL_SURFACE('',#1415,2.2,0.785398163397);
#1415 = AXIS2_PLACEMENT_3D('',#1416,#1417,#1418);
#1416 = CARTESIAN_POINT('',(57.3,-72.5,-3.4));
#1417 = DIRECTION('',(0.,0.,1.));
#1418 = DIRECTION('',(1.,0.,0.));
#1419 = ADVANCED_FACE('',(#1420),#1447,.T.);
#1420 = FACE_BOUND('',#1421,.T.);
#1421 = EDGE_LOOP('',(#1422,#1432,#1438,#1439,#1440,#1441));
#1422 = ORIENTED_EDGE('',*,*,#1423,.F.);
#1423 = EDGE_CURVE('',#1424,#1426,#1428,.T.);
#1424 = VERTEX_POINT('',#1425);
#1425 = CARTESIAN_POINT('',(40.442428528563,-72.,-18.4));
#1426 = VERTEX_POINT('',#1427);
#1427 = CARTESIAN_POINT('',(55.157571471437,-72.,-18.4));
#1428 = LINE('',#1429,#1430);
#1429 = CARTESIAN_POINT('',(40.442428528563,-72.,-18.4));
#1430 = VECTOR('',#1431,1.);
#1431 = DIRECTION('',(1.,0.,0.));
#1432 = ORIENTED_EDGE('',*,*,#1433,.T.);
#1433 = EDGE_CURVE('',#1424,#1140,#1434,.T.);
#1434 = LINE('',#1435,#1436);
#1435 = CARTESIAN_POINT('',(40.442428528563,-72.,-18.4));
#1436 = VECTOR('',#1437,1.);
#1437 = DIRECTION('',(0.,0.,1.));
#1438 = ORIENTED_EDGE('',*,*,#1139,.T.);
#1439 = ORIENTED_EDGE('',*,*,#282,.T.);
#1440 = ORIENTED_EDGE('',*,*,#1408,.T.);
#1441 = ORIENTED_EDGE('',*,*,#1442,.F.);
#1442 = EDGE_CURVE('',#1426,#1400,#1443,.T.);
#1443 = LINE('',#1444,#1445);
#1444 = CARTESIAN_POINT('',(55.157571471437,-72.,-18.4));
#1445 = VECTOR('',#1446,1.);
#1446 = DIRECTION('',(0.,0.,1.));
#1447 = PLANE('',#1448);
#1448 = AXIS2_PLACEMENT_3D('',#1449,#1450,#1451);
#1449 = CARTESIAN_POINT('',(40.442428528563,-72.,-18.4));
#1450 = DIRECTION('',(0.,1.,0.));
#1451 = DIRECTION('',(1.,0.,0.));
#1452 = ADVANCED_FACE('',(#1453),#1472,.T.);
#1453 = FACE_BOUND('',#1454,.T.);
#1454 = EDGE_LOOP('',(#1455,#1463,#1464,#1465));
#1455 = ORIENTED_EDGE('',*,*,#1456,.F.);
#1456 = EDGE_CURVE('',#360,#1457,#1459,.T.);
#1457 = VERTEX_POINT('',#1458);
#1458 = CARTESIAN_POINT('',(38.6,-49.5,-3.4));
#1459 = LINE('',#1460,#1461);
#1460 = CARTESIAN_POINT('',(38.6,-49.5,-3.4));
#1461 = VECTOR('',#1462,1.);
#1462 = DIRECTION('',(-0.707106781187,0.,-0.707106781187));
#1463 = ORIENTED_EDGE('',*,*,#359,.T.);
#1464 = ORIENTED_EDGE('',*,*,#1456,.T.);
#1465 = ORIENTED_EDGE('',*,*,#1466,.F.);
#1466 = EDGE_CURVE('',#1457,#1457,#1467,.T.);
#1467 = CIRCLE('',#1468,2.3);
#1468 = AXIS2_PLACEMENT_3D('',#1469,#1470,#1471);
#1469 = CARTESIAN_POINT('',(36.3,-49.5,-3.4));
#1470 = DIRECTION('',(0.,0.,-1.));
#1471 = DIRECTION('',(1.,0.,0.));
#1472 = CONICAL_SURFACE('',#1473,2.3,0.785398163397);
#1473 = AXIS2_PLACEMENT_3D('',#1474,#1475,#1476);
#1474 = CARTESIAN_POINT('',(36.3,-49.5,-3.4));
#1475 = DIRECTION('',(0.,0.,1.));
#1476 = DIRECTION('',(1.,0.,0.));
#1477 = ADVANCED_FACE('',(#1478),#1497,.T.);
#1478 = FACE_BOUND('',#1479,.T.);
#1479 = EDGE_LOOP('',(#1480,#1488,#1489,#1490));
#1480 = ORIENTED_EDGE('',*,*,#1481,.F.);
#1481 = EDGE_CURVE('',#371,#1482,#1484,.T.);
#1482 = VERTEX_POINT('',#1483);
#1483 = CARTESIAN_POINT('',(61.6,-49.5,-3.4));
#1484 = LINE('',#1485,#1486);
#1485 = CARTESIAN_POINT('',(61.6,-49.5,-3.4));
#1486 = VECTOR('',#1487,1.);
#1487 = DIRECTION('',(-0.707106781187,0.,-0.707106781187));
#1488 = ORIENTED_EDGE('',*,*,#370,.T.);
#1489 = ORIENTED_EDGE('',*,*,#1481,.T.);
#1490 = ORIENTED_EDGE('',*,*,#1491,.F.);
#1491 = EDGE_CURVE('',#1482,#1482,#1492,.T.);
#1492 = CIRCLE('',#1493,2.3);
#1493 = AXIS2_PLACEMENT_3D('',#1494,#1495,#1496);
#1494 = CARTESIAN_POINT('',(59.3,-49.5,-3.4));
#1495 = DIRECTION('',(0.,0.,-1.));
#1496 = DIRECTION('',(1.,0.,0.));
#1497 = CONICAL_SURFACE('',#1498,2.3,0.785398163397);
#1498 = AXIS2_PLACEMENT_3D('',#1499,#1500,#1501);
#1499 = CARTESIAN_POINT('',(59.3,-49.5,-3.4));
#1500 = DIRECTION('',(0.,0.,1.));
#1501 = DIRECTION('',(1.,0.,0.));
#1502 = ADVANCED_FACE('',(#1503),#1522,.T.);
#1503 = FACE_BOUND('',#1504,.T.);
#1504 = EDGE_LOOP('',(#1505,#1513,#1514,#1515));
#1505 = ORIENTED_EDGE('',*,*,#1506,.F.);
#1506 = EDGE_CURVE('',#382,#1507,#1509,.T.);
#1507 = VERTEX_POINT('',#1508);
#1508 = CARTESIAN_POINT('',(38.5,-2.5,-3.4));
#1509 = LINE('',#1510,#1511);
#1510 = CARTESIAN_POINT('',(38.5,-2.5,-3.4));
#1511 = VECTOR('',#1512,1.);
#1512 = DIRECTION('',(-0.707106781187,0.,-0.707106781187));
#1513 = ORIENTED_EDGE('',*,*,#381,.T.);
#1514 = ORIENTED_EDGE('',*,*,#1506,.T.);
#1515 = ORIENTED_EDGE('',*,*,#1516,.F.);
#1516 = EDGE_CURVE('',#1507,#1507,#1517,.T.);
#1517 = CIRCLE('',#1518,2.2);
#1518 = AXIS2_PLACEMENT_3D('',#1519,#1520,#1521);
#1519 = CARTESIAN_POINT('',(36.3,-2.5,-3.4));
#1520 = DIRECTION('',(0.,0.,-1.));
#1521 = DIRECTION('',(1.,0.,0.));
#1522 = CONICAL_SURFACE('',#1523,2.2,0.785398163397);
#1523 = AXIS2_PLACEMENT_3D('',#1524,#1525,#1526);
#1524 = CARTESIAN_POINT('',(36.3,-2.5,-3.4));
#1525 = DIRECTION('',(0.,0.,1.));
#1526 = DIRECTION('',(1.,0.,0.));
#1527 = ADVANCED_FACE('',(#1528),#1547,.T.);
#1528 = FACE_BOUND('',#1529,.T.);
#1529 = EDGE_LOOP('',(#1530,#1538,#1539,#1540));
#1530 = ORIENTED_EDGE('',*,*,#1531,.F.);
#1531 = EDGE_CURVE('',#393,#1532,#1534,.T.);
#1532 = VERTEX_POINT('',#1533);
#1533 = CARTESIAN_POINT('',(61.5,-2.5,-3.4));
#1534 = LINE('',#1535,#1536);
#1535 = CARTESIAN_POINT('',(61.5,-2.5,-3.4));
#1536 = VECTOR('',#1537,1.);
#1537 = DIRECTION('',(-0.707106781187,0.,-0.707106781187));
#1538 = ORIENTED_EDGE('',*,*,#392,.T.);
#1539 = ORIENTED_EDGE('',*,*,#1531,.T.);
#1540 = ORIENTED_EDGE('',*,*,#1541,.F.);
#1541 = EDGE_CURVE('',#1532,#1532,#1542,.T.);
#1542 = CIRCLE('',#1543,2.2);
#1543 = AXIS2_PLACEMENT_3D('',#1544,#1545,#1546);
#1544 = CARTESIAN_POINT('',(59.3,-2.5,-3.4));
#1545 = DIRECTION('',(0.,0.,-1.));
#1546 = DIRECTION('',(1.,0.,0.));
#1547 = CONICAL_SURFACE('',#1548,2.2,0.785398163397);
#1548 = AXIS2_PLACEMENT_3D('',#1549,#1550,#1551);
#1549 = CARTESIAN_POINT('',(59.3,-2.5,-3.4));
#1550 = DIRECTION('',(0.,0.,1.));
#1551 = DIRECTION('',(1.,0.,0.));
#1552 = ADVANCED_FACE('',(#1553),#1561,.T.);
#1553 = FACE_BOUND('',#1554,.T.);
#1554 = EDGE_LOOP('',(#1555,#1556,#1557,#1558,#1559,#1560));
#1555 = ORIENTED_EDGE('',*,*,#687,.T.);
#1556 = ORIENTED_EDGE('',*,*,#600,.F.);
#1557 = ORIENTED_EDGE('',*,*,#552,.F.);
#1558 = ORIENTED_EDGE('',*,*,#504,.F.);
#1559 = ORIENTED_EDGE('',*,*,#417,.F.);
#1560 = ORIENTED_EDGE('',*,*,#450,.F.);
#1561 = PLANE('',#1562);
#1562 = AXIS2_PLACEMENT_3D('',#1563,#1564,#1565);
#1563 = CARTESIAN_POINT('',(34.003253316202,-46.31258512607,0.2));
#1564 = DIRECTION('',(0.,0.,1.));
#1565 = DIRECTION('',(1.,0.,0.));
#1566 = ADVANCED_FACE('',(#1567),#1575,.T.);
#1567 = FACE_BOUND('',#1568,.T.);
#1568 = EDGE_LOOP('',(#1569,#1570,#1571,#1572,#1573,#1574));
#1569 = ORIENTED_EDGE('',*,*,#528,.T.);
#1570 = ORIENTED_EDGE('',*,*,#576,.T.);
#1571 = ORIENTED_EDGE('',*,*,#624,.T.);
#1572 = ORIENTED_EDGE('',*,*,#702,.T.);
#1573 = ORIENTED_EDGE('',*,*,#750,.T.);
#1574 = ORIENTED_EDGE('',*,*,#466,.T.);
#1575 = PLANE('',#1576);
#1576 = AXIS2_PLACEMENT_3D('',#1577,#1578,#1579);
#1577 = CARTESIAN_POINT('',(33.212213001672,-47.01268586573,-4.4));
#1578 = DIRECTION('',(0.,0.,-1.));
#1579 = DIRECTION('',(1.,0.,0.));
#1580 = ADVANCED_FACE('',(#1581),#1589,.T.);
#1581 = FACE_BOUND('',#1582,.F.);
#1582 = EDGE_LOOP('',(#1583,#1584,#1585,#1586,#1587,#1588));
#1583 = ORIENTED_EDGE('',*,*,#648,.T.);
#1584 = ORIENTED_EDGE('',*,*,#928,.T.);
#1585 = ORIENTED_EDGE('',*,*,#911,.T.);
#1586 = ORIENTED_EDGE('',*,*,#870,.T.);
#1587 = ORIENTED_EDGE('',*,*,#822,.T.);
#1588 = ORIENTED_EDGE('',*,*,#489,.T.);
#1589 = PLANE('',#1590);
#1590 = AXIS2_PLACEMENT_3D('',#1591,#1592,#1593);
#1591 = CARTESIAN_POINT('',(33.212213001672,-47.01268586573,-4.4));
#1592 = DIRECTION('',(0.,0.,-1.));
#1593 = DIRECTION('',(1.,0.,0.));
#1594 = ADVANCED_FACE('',(#1595),#1603,.T.);
#1595 = FACE_BOUND('',#1596,.T.);
#1596 = EDGE_LOOP('',(#1597,#1598,#1599,#1600,#1601,#1602));
#1597 = ORIENTED_EDGE('',*,*,#671,.T.);
#1598 = ORIENTED_EDGE('',*,*,#887,.T.);
#1599 = ORIENTED_EDGE('',*,*,#846,.T.);
#1600 = ORIENTED_EDGE('',*,*,#798,.T.);
#1601 = ORIENTED_EDGE('',*,*,#774,.T.);
#1602 = ORIENTED_EDGE('',*,*,#733,.T.);
#1603 = PLANE('',#1604);
#1604 = AXIS2_PLACEMENT_3D('',#1605,#1606,#1607);
#1605 = CARTESIAN_POINT('',(33.212213001672,-47.01268586573,-4.4));
#1606 = DIRECTION('',(0.,0.,-1.));
#1607 = DIRECTION('',(1.,0.,0.));
#1608 = ADVANCED_FACE('',(#1609,#1612),#1623,.T.);
#1609 = FACE_BOUND('',#1610,.T.);
#1610 = EDGE_LOOP('',(#1611));
#1611 = ORIENTED_EDGE('',*,*,#952,.T.);
#1612 = FACE_BOUND('',#1613,.F.);
#1613 = EDGE_LOOP('',(#1614));
#1614 = ORIENTED_EDGE('',*,*,#1615,.T.);
#1615 = EDGE_CURVE('',#1616,#1616,#1618,.T.);
#1616 = VERTEX_POINT('',#1617);
#1617 = CARTESIAN_POINT('',(9.5,-84.,-5.4));
#1618 = CIRCLE('',#1619,1.);
#1619 = AXIS2_PLACEMENT_3D('',#1620,#1621,#1622);
#1620 = CARTESIAN_POINT('',(8.5,-84.,-5.4));
#1621 = DIRECTION('',(0.,0.,-1.));
#1622 = DIRECTION('',(1.,0.,0.));
#1623 = PLANE('',#1624);
#1624 = AXIS2_PLACEMENT_3D('',#1625,#1626,#1627);
#1625 = CARTESIAN_POINT('',(32.96205786345,-48.10744063724,-5.4));
#1626 = DIRECTION('',(0.,0.,-1.));
#1627 = DIRECTION('',(1.,0.,0.));
#1628 = ADVANCED_FACE('',(#1629,#1632),#1643,.T.);
#1629 = FACE_BOUND('',#1630,.T.);
#1630 = EDGE_LOOP('',(#1631));
#1631 = ORIENTED_EDGE('',*,*,#977,.T.);
#1632 = FACE_BOUND('',#1633,.F.);
#1633 = EDGE_LOOP('',(#1634));
#1634 = ORIENTED_EDGE('',*,*,#1635,.T.);
#1635 = EDGE_CURVE('',#1636,#1636,#1638,.T.);
#1636 = VERTEX_POINT('',#1637);
#1637 = CARTESIAN_POINT('',(20.5,-84.,-5.4));
#1638 = CIRCLE('',#1639,1.);
#1639 = AXIS2_PLACEMENT_3D('',#1640,#1641,#1642);
#1640 = CARTESIAN_POINT('',(19.5,-84.,-5.4));
#1641 = DIRECTION('',(0.,0.,-1.));
#1642 = DIRECTION('',(1.,0.,0.));
#1643 = PLANE('',#1644);
#1644 = AXIS2_PLACEMENT_3D('',#1645,#1646,#1647);
#1645 = CARTESIAN_POINT('',(32.96205786345,-48.10744063724,-5.4));
#1646 = DIRECTION('',(0.,0.,-1.));
#1647 = DIRECTION('',(1.,0.,0.));
#1648 = ADVANCED_FACE('',(#1649),#1657,.T.);
#1649 = FACE_BOUND('',#1650,.F.);
#1650 = EDGE_LOOP('',(#1651,#1652,#1653,#1654,#1655,#1656));
#1651 = ORIENTED_EDGE('',*,*,#1002,.T.);
#1652 = ORIENTED_EDGE('',*,*,#1050,.T.);
#1653 = ORIENTED_EDGE('',*,*,#1098,.T.);
#1654 = ORIENTED_EDGE('',*,*,#1122,.T.);
#1655 = ORIENTED_EDGE('',*,*,#1081,.T.);
#1656 = ORIENTED_EDGE('',*,*,#1033,.T.);
#1657 = PLANE('',#1658);
#1658 = AXIS2_PLACEMENT_3D('',#1659,#1660,#1661);
#1659 = CARTESIAN_POINT('',(33.212213001672,-47.01268586573,-4.4));
#1660 = DIRECTION('',(0.,0.,-1.));
#1661 = DIRECTION('',(1.,0.,0.));
#1662 = ADVANCED_FACE('',(#1663),#1675,.T.);
#1663 = FACE_BOUND('',#1664,.F.);
#1664 = EDGE_LOOP('',(#1665,#1666,#1667,#1668));
#1665 = ORIENTED_EDGE('',*,*,#1433,.T.);
#1666 = ORIENTED_EDGE('',*,*,#1148,.F.);
#1667 = ORIENTED_EDGE('',*,*,#1199,.F.);
#1668 = ORIENTED_EDGE('',*,*,#1669,.T.);
#1669 = EDGE_CURVE('',#1175,#1424,#1670,.T.);
#1670 = CIRCLE('',#1671,2.2);
#1671 = AXIS2_PLACEMENT_3D('',#1672,#1673,#1674);
#1672 = CARTESIAN_POINT('',(38.3,-72.5,-18.4));
#1673 = DIRECTION('',(0.,0.,-1.));
#1674 = DIRECTION('',(1.,0.,0.));
#1675 = CYLINDRICAL_SURFACE('',#1676,2.2);
#1676 = AXIS2_PLACEMENT_3D('',#1677,#1678,#1679);
#1677 = CARTESIAN_POINT('',(38.3,-72.5,-0.4));
#1678 = DIRECTION('',(0.,0.,1.));
#1679 = DIRECTION('',(1.,0.,0.));
#1680 = ADVANCED_FACE('',(#1681),#1693,.T.);
#1681 = FACE_BOUND('',#1682,.F.);
#1682 = EDGE_LOOP('',(#1683,#1684,#1685,#1692));
#1683 = ORIENTED_EDGE('',*,*,#1224,.F.);
#1684 = ORIENTED_EDGE('',*,*,#1249,.F.);
#1685 = ORIENTED_EDGE('',*,*,#1686,.T.);
#1686 = EDGE_CURVE('',#1240,#1173,#1687,.T.);
#1687 = CIRCLE('',#1688,2.3);
#1688 = AXIS2_PLACEMENT_3D('',#1689,#1690,#1691);
#1689 = CARTESIAN_POINT('',(38.3,-97.5,-18.4));
#1690 = DIRECTION('',(0.,0.,-1.));
#1691 = DIRECTION('',(1.,0.,0.));
#1692 = ORIENTED_EDGE('',*,*,#1182,.T.);
#1693 = CYLINDRICAL_SURFACE('',#1694,2.3);
#1694 = AXIS2_PLACEMENT_3D('',#1695,#1696,#1697);
#1695 = CARTESIAN_POINT('',(38.3,-97.5,-0.4));
#1696 = DIRECTION('',(0.,0.,1.));
#1697 = DIRECTION('',(1.,0.,0.));
#1698 = ADVANCED_FACE('',(#1699),#1718,.T.);
#1699 = FACE_BOUND('',#1700,.F.);
#1700 = EDGE_LOOP('',(#1701,#1709,#1716,#1717));
#1701 = ORIENTED_EDGE('',*,*,#1702,.T.);
#1702 = EDGE_CURVE('',#1457,#1703,#1705,.T.);
#1703 = VERTEX_POINT('',#1704);
#1704 = CARTESIAN_POINT('',(38.6,-49.5,-23.4));
#1705 = LINE('',#1706,#1707);
#1706 = CARTESIAN_POINT('',(38.6,-49.5,-0.4));
#1707 = VECTOR('',#1708,1.);
#1708 = DIRECTION('',(0.,0.,-1.));
#1709 = ORIENTED_EDGE('',*,*,#1710,.T.);
#1710 = EDGE_CURVE('',#1703,#1703,#1711,.T.);
#1711 = CIRCLE('',#1712,2.3);
#1712 = AXIS2_PLACEMENT_3D('',#1713,#1714,#1715);
#1713 = CARTESIAN_POINT('',(36.3,-49.5,-23.4));
#1714 = DIRECTION('',(0.,0.,-1.));
#1715 = DIRECTION('',(1.,0.,0.));
#1716 = ORIENTED_EDGE('',*,*,#1702,.F.);
#1717 = ORIENTED_EDGE('',*,*,#1466,.F.);
#1718 = CYLINDRICAL_SURFACE('',#1719,2.3);
#1719 = AXIS2_PLACEMENT_3D('',#1720,#1721,#1722);
#1720 = CARTESIAN_POINT('',(36.3,-49.5,-0.4));
#1721 = DIRECTION('',(0.,0.,1.));
#1722 = DIRECTION('',(1.,0.,0.));
#1723 = ADVANCED_FACE('',(#1724),#1743,.T.);
#1724 = FACE_BOUND('',#1725,.F.);
#1725 = EDGE_LOOP('',(#1726,#1734,#1741,#1742));
#1726 = ORIENTED_EDGE('',*,*,#1727,.T.);
#1727 = EDGE_CURVE('',#1482,#1728,#1730,.T.);
#1728 = VERTEX_POINT('',#1729);
#1729 = CARTESIAN_POINT('',(61.6,-49.5,-23.4));
#1730 = LINE('',#1731,#1732);
#1731 = CARTESIAN_POINT('',(61.6,-49.5,-0.4));
#1732 = VECTOR('',#1733,1.);
#1733 = DIRECTION('',(0.,0.,-1.));
#1734 = ORIENTED_EDGE('',*,*,#1735,.T.);
#1735 = EDGE_CURVE('',#1728,#1728,#1736,.T.);
#1736 = CIRCLE('',#1737,2.3);
#1737 = AXIS2_PLACEMENT_3D('',#1738,#1739,#1740);
#1738 = CARTESIAN_POINT('',(59.3,-49.5,-23.4));
#1739 = DIRECTION('',(0.,0.,-1.));
#1740 = DIRECTION('',(1.,0.,0.));
#1741 = ORIENTED_EDGE('',*,*,#1727,.F.);
#1742 = ORIENTED_EDGE('',*,*,#1491,.F.);
#1743 = CYLINDRICAL_SURFACE('',#1744,2.3);
#1744 = AXIS2_PLACEMENT_3D('',#1745,#1746,#1747);
#1745 = CARTESIAN_POINT('',(59.3,-49.5,-0.4));
#1746 = DIRECTION('',(0.,0.,1.));
#1747 = DIRECTION('',(1.,0.,0.));
#1748 = ADVANCED_FACE('',(#1749),#1768,.T.);
#1749 = FACE_BOUND('',#1750,.F.);
#1750 = EDGE_LOOP('',(#1751,#1759,#1766,#1767));
#1751 = ORIENTED_EDGE('',*,*,#1752,.T.);
#1752 = EDGE_CURVE('',#1507,#1753,#1755,.T.);
#1753 = VERTEX_POINT('',#1754);
#1754 = CARTESIAN_POINT('',(38.5,-2.5,-23.4));
#1755 = LINE('',#1756,#1757);
#1756 = CARTESIAN_POINT('',(38.5,-2.5,-0.4));
#1757 = VECTOR('',#1758,1.);
#1758 = DIRECTION('',(0.,0.,-1.));
#1759 = ORIENTED_EDGE('',*,*,#1760,.T.);
#1760 = EDGE_CURVE('',#1753,#1753,#1761,.T.);
#1761 = CIRCLE('',#1762,2.2);
#1762 = AXIS2_PLACEMENT_3D('',#1763,#1764,#1765);
#1763 = CARTESIAN_POINT('',(36.3,-2.5,-23.4));
#1764 = DIRECTION('',(0.,0.,-1.));
#1765 = DIRECTION('',(1.,0.,0.));
#1766 = ORIENTED_EDGE('',*,*,#1752,.F.);
#1767 = ORIENTED_EDGE('',*,*,#1516,.F.);
#1768 = CYLINDRICAL_SURFACE('',#1769,2.2);
#1769 = AXIS2_PLACEMENT_3D('',#1770,#1771,#1772);
#1770 = CARTESIAN_POINT('',(36.3,-2.5,-0.4));
#1771 = DIRECTION('',(0.,0.,1.));
#1772 = DIRECTION('',(1.,0.,0.));
#1773 = ADVANCED_FACE('',(#1774),#1793,.T.);
#1774 = FACE_BOUND('',#1775,.F.);
#1775 = EDGE_LOOP('',(#1776,#1784,#1791,#1792));
#1776 = ORIENTED_EDGE('',*,*,#1777,.T.);
#1777 = EDGE_CURVE('',#1532,#1778,#1780,.T.);
#1778 = VERTEX_POINT('',#1779);
#1779 = CARTESIAN_POINT('',(61.5,-2.5,-23.4));
#1780 = LINE('',#1781,#1782);
#1781 = CARTESIAN_POINT('',(61.5,-2.5,-0.4));
#1782 = VECTOR('',#1783,1.);
#1783 = DIRECTION('',(0.,0.,-1.));
#1784 = ORIENTED_EDGE('',*,*,#1785,.T.);
#1785 = EDGE_CURVE('',#1778,#1778,#1786,.T.);
#1786 = CIRCLE('',#1787,2.2);
#1787 = AXIS2_PLACEMENT_3D('',#1788,#1789,#1790);
#1788 = CARTESIAN_POINT('',(59.3,-2.5,-23.4));
#1789 = DIRECTION('',(0.,0.,-1.));
#1790 = DIRECTION('',(1.,0.,0.));
#1791 = ORIENTED_EDGE('',*,*,#1777,.F.);
#1792 = ORIENTED_EDGE('',*,*,#1541,.F.);
#1793 = CYLINDRICAL_SURFACE('',#1794,2.2);
#1794 = AXIS2_PLACEMENT_3D('',#1795,#1796,#1797);
#1795 = CARTESIAN_POINT('',(59.3,-2.5,-0.4));
#1796 = DIRECTION('',(0.,0.,1.));
#1797 = DIRECTION('',(1.,0.,0.));
#1798 = ADVANCED_FACE('',(#1799),#1818,.F.);
#1799 = FACE_BOUND('',#1800,.T.);
#1800 = EDGE_LOOP('',(#1801,#1809,#1810,#1811));
#1801 = ORIENTED_EDGE('',*,*,#1802,.T.);
#1802 = EDGE_CURVE('',#1803,#1616,#1805,.T.);
#1803 = VERTEX_POINT('',#1804);
#1804 = CARTESIAN_POINT('',(9.5,-84.,-0.4));
#1805 = LINE('',#1806,#1807);
#1806 = CARTESIAN_POINT('',(9.5,-84.,-0.4));
#1807 = VECTOR('',#1808,1.);
#1808 = DIRECTION('',(0.,0.,-1.));
#1809 = ORIENTED_EDGE('',*,*,#1615,.T.);
#1810 = ORIENTED_EDGE('',*,*,#1802,.F.);
#1811 = ORIENTED_EDGE('',*,*,#1812,.F.);
#1812 = EDGE_CURVE('',#1803,#1803,#1813,.T.);
#1813 = CIRCLE('',#1814,1.);
#1814 = AXIS2_PLACEMENT_3D('',#1815,#1816,#1817);
#1815 = CARTESIAN_POINT('',(8.5,-84.,-0.4));
#1816 = DIRECTION('',(0.,0.,-1.));
#1817 = DIRECTION('',(1.,0.,0.));
#1818 = CYLINDRICAL_SURFACE('',#1819,1.);
#1819 = AXIS2_PLACEMENT_3D('',#1820,#1821,#1822);
#1820 = CARTESIAN_POINT('',(8.5,-84.,-0.4));
#1821 = DIRECTION('',(0.,0.,1.));
#1822 = DIRECTION('',(1.,0.,0.));
#1823 = ADVANCED_FACE('',(#1824),#1843,.F.);
#1824 = FACE_BOUND('',#1825,.T.);
#1825 = EDGE_LOOP('',(#1826,#1834,#1835,#1836));
#1826 = ORIENTED_EDGE('',*,*,#1827,.T.);
#1827 = EDGE_CURVE('',#1828,#1636,#1830,.T.);
#1828 = VERTEX_POINT('',#1829);
#1829 = CARTESIAN_POINT('',(20.5,-84.,-0.4));
#1830 = LINE('',#1831,#1832);
#1831 = CARTESIAN_POINT('',(20.5,-84.,-0.4));
#1832 = VECTOR('',#1833,1.);
#1833 = DIRECTION('',(0.,0.,-1.));
#1834 = ORIENTED_EDGE('',*,*,#1635,.T.);
#1835 = ORIENTED_EDGE('',*,*,#1827,.F.);
#1836 = ORIENTED_EDGE('',*,*,#1837,.F.);
#1837 = EDGE_CURVE('',#1828,#1828,#1838,.T.);
#1838 = CIRCLE('',#1839,1.);
#1839 = AXIS2_PLACEMENT_3D('',#1840,#1841,#1842);
#1840 = CARTESIAN_POINT('',(19.5,-84.,-0.4));
#1841 = DIRECTION('',(0.,0.,-1.));
#1842 = DIRECTION('',(1.,0.,0.));
#1843 = CYLINDRICAL_SURFACE('',#1844,1.);
#1844 = AXIS2_PLACEMENT_3D('',#1845,#1846,#1847);
#1845 = CARTESIAN_POINT('',(19.5,-84.,-0.4));
#1846 = DIRECTION('',(0.,0.,1.));
#1847 = DIRECTION('',(1.,0.,0.));
#1848 = ADVANCED_FACE('',(#1849,#1852),#1863,.T.);
#1849 = FACE_BOUND('',#1850,.T.);
#1850 = EDGE_LOOP('',(#1851));
#1851 = ORIENTED_EDGE('',*,*,#1710,.T.);
#1852 = FACE_BOUND('',#1853,.F.);
#1853 = EDGE_LOOP('',(#1854));
#1854 = ORIENTED_EDGE('',*,*,#1855,.T.);
#1855 = EDGE_CURVE('',#1856,#1856,#1858,.T.);
#1856 = VERTEX_POINT('',#1857);
#1857 = CARTESIAN_POINT('',(37.8,-49.5,-23.4));
#1858 = CIRCLE('',#1859,1.5);
#1859 = AXIS2_PLACEMENT_3D('',#1860,#1861,#1862);
#1860 = CARTESIAN_POINT('',(36.3,-49.5,-23.4));
#1861 = DIRECTION('',(0.,0.,-1.));
#1862 = DIRECTION('',(1.,0.,0.));
#1863 = PLANE('',#1864);
#1864 = AXIS2_PLACEMENT_3D('',#1865,#1866,#1867);
#1865 = CARTESIAN_POINT('',(32.96205786345,-48.10744063724,-23.4));
#1866 = DIRECTION('',(0.,0.,-1.));
#1867 = DIRECTION('',(1.,0.,0.));
#1868 = ADVANCED_FACE('',(#1869,#1872),#1883,.T.);
#1869 = FACE_BOUND('',#1870,.T.);
#1870 = EDGE_LOOP('',(#1871));
#1871 = ORIENTED_EDGE('',*,*,#1735,.T.);
#1872 = FACE_BOUND('',#1873,.F.);
#1873 = EDGE_LOOP('',(#1874));
#1874 = ORIENTED_EDGE('',*,*,#1875,.T.);
#1875 = EDGE_CURVE('',#1876,#1876,#1878,.T.);
#1876 = VERTEX_POINT('',#1877);
#1877 = CARTESIAN_POINT('',(60.8,-49.5,-23.4));
#1878 = CIRCLE('',#1879,1.5);
#1879 = AXIS2_PLACEMENT_3D('',#1880,#1881,#1882);
#1880 = CARTESIAN_POINT('',(59.3,-49.5,-23.4));
#1881 = DIRECTION('',(0.,0.,-1.));
#1882 = DIRECTION('',(1.,0.,0.));
#1883 = PLANE('',#1884);
#1884 = AXIS2_PLACEMENT_3D('',#1885,#1886,#1887);
#1885 = CARTESIAN_POINT('',(32.96205786345,-48.10744063724,-23.4));
#1886 = DIRECTION('',(0.,0.,-1.));
#1887 = DIRECTION('',(1.,0.,0.));
#1888 = ADVANCED_FACE('',(#1889,#1892),#1903,.T.);
#1889 = FACE_BOUND('',#1890,.T.);
#1890 = EDGE_LOOP('',(#1891));
#1891 = ORIENTED_EDGE('',*,*,#1760,.T.);
#1892 = FACE_BOUND('',#1893,.F.);
#1893 = EDGE_LOOP('',(#1894));
#1894 = ORIENTED_EDGE('',*,*,#1895,.T.);
#1895 = EDGE_CURVE('',#1896,#1896,#1898,.T.);
#1896 = VERTEX_POINT('',#1897);
#1897 = CARTESIAN_POINT('',(37.8,-2.5,-23.4));
#1898 = CIRCLE('',#1899,1.5);
#1899 = AXIS2_PLACEMENT_3D('',#1900,#1901,#1902);
#1900 = CARTESIAN_POINT('',(36.3,-2.5,-23.4));
#1901 = DIRECTION('',(0.,0.,-1.));
#1902 = DIRECTION('',(1.,0.,0.));
#1903 = PLANE('',#1904);
#1904 = AXIS2_PLACEMENT_3D('',#1905,#1906,#1907);
#1905 = CARTESIAN_POINT('',(32.96205786345,-48.10744063724,-23.4));
#1906 = DIRECTION('',(0.,0.,-1.));
#1907 = DIRECTION('',(1.,0.,0.));
#1908 = ADVANCED_FACE('',(#1909,#1912),#1923,.T.);
#1909 = FACE_BOUND('',#1910,.T.);
#1910 = EDGE_LOOP('',(#1911));
#1911 = ORIENTED_EDGE('',*,*,#1785,.T.);
#1912 = FACE_BOUND('',#1913,.F.);
#1913 = EDGE_LOOP('',(#1914));
#1914 = ORIENTED_EDGE('',*,*,#1915,.T.);
#1915 = EDGE_CURVE('',#1916,#1916,#1918,.T.);
#1916 = VERTEX_POINT('',#1917);
#1917 = CARTESIAN_POINT('',(60.8,-2.5,-23.4));
#1918 = CIRCLE('',#1919,1.5);
#1919 = AXIS2_PLACEMENT_3D('',#1920,#1921,#1922);
#1920 = CARTESIAN_POINT('',(59.3,-2.5,-23.4));
#1921 = DIRECTION('',(0.,0.,-1.));
#1922 = DIRECTION('',(1.,0.,0.));
#1923 = PLANE('',#1924);
#1924 = AXIS2_PLACEMENT_3D('',#1925,#1926,#1927);
#1925 = CARTESIAN_POINT('',(32.96205786345,-48.10744063724,-23.4));
#1926 = DIRECTION('',(0.,0.,-1.));
#1927 = DIRECTION('',(1.,0.,0.));
#1928 = ADVANCED_FACE('',(#1929),#1932,.F.);
#1929 = FACE_BOUND('',#1930,.F.);
#1930 = EDGE_LOOP('',(#1931));
#1931 = ORIENTED_EDGE('',*,*,#1812,.F.);
#1932 = PLANE('',#1933);
#1933 = AXIS2_PLACEMENT_3D('',#1934,#1935,#1936);
#1934 = CARTESIAN_POINT('',(34.003253316202,-46.31258512607,-0.4));
#1935 = DIRECTION('',(0.,0.,1.));
#1936 = DIRECTION('',(1.,0.,0.));
#1937 = ADVANCED_FACE('',(#1938),#1941,.F.);
#1938 = FACE_BOUND('',#1939,.F.);
#1939 = EDGE_LOOP('',(#1940));
#1940 = ORIENTED_EDGE('',*,*,#1837,.F.);
#1941 = PLANE('',#1942);
#1942 = AXIS2_PLACEMENT_3D('',#1943,#1944,#1945);
#1943 = CARTESIAN_POINT('',(34.003253316202,-46.31258512607,-0.4));
#1944 = DIRECTION('',(0.,0.,1.));
#1945 = DIRECTION('',(1.,0.,0.));
#1946 = ADVANCED_FACE('',(#1947),#1966,.F.);
#1947 = FACE_BOUND('',#1948,.T.);
#1948 = EDGE_LOOP('',(#1949,#1957,#1958,#1959));
#1949 = ORIENTED_EDGE('',*,*,#1950,.T.);
#1950 = EDGE_CURVE('',#1951,#1856,#1953,.T.);
#1951 = VERTEX_POINT('',#1952);
#1952 = CARTESIAN_POINT('',(37.8,-49.5,-0.4));
#1953 = LINE('',#1954,#1955);
#1954 = CARTESIAN_POINT('',(37.8,-49.5,-0.4));
#1955 = VECTOR('',#1956,1.);
#1956 = DIRECTION('',(0.,0.,-1.));
#1957 = ORIENTED_EDGE('',*,*,#1855,.T.);
#1958 = ORIENTED_EDGE('',*,*,#1950,.F.);
#1959 = ORIENTED_EDGE('',*,*,#1960,.F.);
#1960 = EDGE_CURVE('',#1951,#1951,#1961,.T.);
#1961 = CIRCLE('',#1962,1.5);
#1962 = AXIS2_PLACEMENT_3D('',#1963,#1964,#1965);
#1963 = CARTESIAN_POINT('',(36.3,-49.5,-0.4));
#1964 = DIRECTION('',(0.,0.,-1.));
#1965 = DIRECTION('',(1.,0.,0.));
#1966 = CYLINDRICAL_SURFACE('',#1967,1.5);
#1967 = AXIS2_PLACEMENT_3D('',#1968,#1969,#1970);
#1968 = CARTESIAN_POINT('',(36.3,-49.5,-0.4));
#1969 = DIRECTION('',(0.,0.,1.));
#1970 = DIRECTION('',(1.,0.,0.));
#1971 = ADVANCED_FACE('',(#1972),#1991,.F.);
#1972 = FACE_BOUND('',#1973,.T.);
#1973 = EDGE_LOOP('',(#1974,#1982,#1983,#1984));
#1974 = ORIENTED_EDGE('',*,*,#1975,.T.);
#1975 = EDGE_CURVE('',#1976,#1876,#1978,.T.);
#1976 = VERTEX_POINT('',#1977);
#1977 = CARTESIAN_POINT('',(60.8,-49.5,-0.4));
#1978 = LINE('',#1979,#1980);
#1979 = CARTESIAN_POINT('',(60.8,-49.5,-0.4));
#1980 = VECTOR('',#1981,1.);
#1981 = DIRECTION('',(0.,0.,-1.));
#1982 = ORIENTED_EDGE('',*,*,#1875,.T.);
#1983 = ORIENTED_EDGE('',*,*,#1975,.F.);
#1984 = ORIENTED_EDGE('',*,*,#1985,.F.);
#1985 = EDGE_CURVE('',#1976,#1976,#1986,.T.);
#1986 = CIRCLE('',#1987,1.5);
#1987 = AXIS2_PLACEMENT_3D('',#1988,#1989,#1990);
#1988 = CARTESIAN_POINT('',(59.3,-49.5,-0.4));
#1989 = DIRECTION('',(0.,0.,-1.));
#1990 = DIRECTION('',(1.,0.,0.));
#1991 = CYLINDRICAL_SURFACE('',#1992,1.5);
#1992 = AXIS2_PLACEMENT_3D('',#1993,#1994,#1995);
#1993 = CARTESIAN_POINT('',(59.3,-49.5,-0.4));
#1994 = DIRECTION('',(0.,0.,1.));
#1995 = DIRECTION('',(1.,0.,0.));
#1996 = ADVANCED_FACE('',(#1997),#2016,.F.);
#1997 = FACE_BOUND('',#1998,.T.);
#1998 = EDGE_LOOP('',(#1999,#2007,#2008,#2009));
#1999 = ORIENTED_EDGE('',*,*,#2000,.T.);
#2000 = EDGE_CURVE('',#2001,#1896,#2003,.T.);
#2001 = VERTEX_POINT('',#2002);
#2002 = CARTESIAN_POINT('',(37.8,-2.5,-0.4));
#2003 = LINE('',#2004,#2005);
#2004 = CARTESIAN_POINT('',(37.8,-2.5,-0.4));
#2005 = VECTOR('',#2006,1.);
#2006 = DIRECTION('',(0.,0.,-1.));
#2007 = ORIENTED_EDGE('',*,*,#1895,.T.);
#2008 = ORIENTED_EDGE('',*,*,#2000,.F.);
#2009 = ORIENTED_EDGE('',*,*,#2010,.F.);
#2010 = EDGE_CURVE('',#2001,#2001,#2011,.T.);
#2011 = CIRCLE('',#2012,1.5);
#2012 = AXIS2_PLACEMENT_3D('',#2013,#2014,#2015);
#2013 = CARTESIAN_POINT('',(36.3,-2.5,-0.4));
#2014 = DIRECTION('',(0.,0.,-1.));
#2015 = DIRECTION('',(1.,0.,0.));
#2016 = CYLINDRICAL_SURFACE('',#2017,1.5);
#2017 = AXIS2_PLACEMENT_3D('',#2018,#2019,#2020);
#2018 = CARTESIAN_POINT('',(36.3,-2.5,-0.4));
#2019 = DIRECTION('',(0.,0.,1.));
#2020 = DIRECTION('',(1.,0.,0.));
#2021 = ADVANCED_FACE('',(#2022),#2041,.F.);
#2022 = FACE_BOUND('',#2023,.T.);
#2023 = EDGE_LOOP('',(#2024,#2032,#2033,#2034));
#2024 = ORIENTED_EDGE('',*,*,#2025,.T.);
#2025 = EDGE_CURVE('',#2026,#1916,#2028,.T.);
#2026 = VERTEX_POINT('',#2027);
#2027 = CARTESIAN_POINT('',(60.8,-2.5,-0.4));
#2028 = LINE('',#2029,#2030);
#2029 = CARTESIAN_POINT('',(60.8,-2.5,-0.4));
#2030 = VECTOR('',#2031,1.);
#2031 = DIRECTION('',(0.,0.,-1.));
#2032 = ORIENTED_EDGE('',*,*,#1915,.T.);
#2033 = ORIENTED_EDGE('',*,*,#2025,.F.);
#2034 = ORIENTED_EDGE('',*,*,#2035,.F.);
#2035 = EDGE_CURVE('',#2026,#2026,#2036,.T.);
#2036 = CIRCLE('',#2037,1.5);
#2037 = AXIS2_PLACEMENT_3D('',#2038,#2039,#2040);
#2038 = CARTESIAN_POINT('',(59.3,-2.5,-0.4));
#2039 = DIRECTION('',(0.,0.,-1.));
#2040 = DIRECTION('',(1.,0.,0.));
#2041 = CYLINDRICAL_SURFACE('',#2042,1.5);
#2042 = AXIS2_PLACEMENT_3D('',#2043,#2044,#2045);
#2043 = CARTESIAN_POINT('',(59.3,-2.5,-0.4));
#2044 = DIRECTION('',(0.,0.,1.));
#2045 = DIRECTION('',(1.,0.,0.));
#2046 = ADVANCED_FACE('',(#2047),#2050,.F.);
#2047 = FACE_BOUND('',#2048,.F.);
#2048 = EDGE_LOOP('',(#2049));
#2049 = ORIENTED_EDGE('',*,*,#1960,.F.);
#2050 = PLANE('',#2051);
#2051 = AXIS2_PLACEMENT_3D('',#2052,#2053,#2054);
#2052 = CARTESIAN_POINT('',(34.003253316202,-46.31258512607,-0.4));
#2053 = DIRECTION('',(0.,0.,1.));
#2054 = DIRECTION('',(1.,0.,0.));
#2055 = ADVANCED_FACE('',(#2056),#2059,.F.);
#2056 = FACE_BOUND('',#2057,.F.);
#2057 = EDGE_LOOP('',(#2058));
#2058 = ORIENTED_EDGE('',*,*,#1985,.F.);
#2059 = PLANE('',#2060);
#2060 = AXIS2_PLACEMENT_3D('',#2061,#2062,#2063);
#2061 = CARTESIAN_POINT('',(34.003253316202,-46.31258512607,-0.4));
#2062 = DIRECTION('',(0.,0.,1.));
#2063 = DIRECTION('',(1.,0.,0.));
#2064 = ADVANCED_FACE('',(#2065),#2068,.F.);
#2065 = FACE_BOUND('',#2066,.F.);
#2066 = EDGE_LOOP('',(#2067));
#2067 = ORIENTED_EDGE('',*,*,#2010,.F.);
#2068 = PLANE('',#2069);
#2069 = AXIS2_PLACEMENT_3D('',#2070,#2071,#2072);
#2070 = CARTESIAN_POINT('',(34.003253316202,-46.31258512607,-0.4));
#2071 = DIRECTION('',(0.,0.,1.));
#2072 = DIRECTION('',(1.,0.,0.));
#2073 = ADVANCED_FACE('',(#2074),#2077,.F.);
#2074 = FACE_BOUND('',#2075,.F.);
#2075 = EDGE_LOOP('',(#2076));
#2076 = ORIENTED_EDGE('',*,*,#2035,.F.);
#2077 = PLANE('',#2078);
#2078 = AXIS2_PLACEMENT_3D('',#2079,#2080,#2081);
#2079 = CARTESIAN_POINT('',(34.003253316202,-46.31258512607,-0.4));
#2080 = DIRECTION('',(0.,0.,1.));
#2081 = DIRECTION('',(1.,0.,0.));
#2082 = ADVANCED_FACE('',(#2083,#2123,#2193,#2204,#2215,#2226),#2237,.T.
  );
#2083 = FACE_BOUND('',#2084,.T.);
#2084 = EDGE_LOOP('',(#2085,#2086,#2087,#2088,#2097,#2104,#2105,#2114,
    #2121,#2122));
#2085 = ORIENTED_EDGE('',*,*,#1172,.T.);
#2086 = ORIENTED_EDGE('',*,*,#1669,.T.);
#2087 = ORIENTED_EDGE('',*,*,#1423,.T.);
#2088 = ORIENTED_EDGE('',*,*,#2089,.T.);
#2089 = EDGE_CURVE('',#1426,#2090,#2092,.T.);
#2090 = VERTEX_POINT('',#2091);
#2091 = CARTESIAN_POINT('',(59.5,-72.5,-18.4));
#2092 = CIRCLE('',#2093,2.2);
#2093 = AXIS2_PLACEMENT_3D('',#2094,#2095,#2096);
#2094 = CARTESIAN_POINT('',(57.3,-72.5,-18.4));
#2095 = DIRECTION('',(0.,0.,-1.));
#2096 = DIRECTION('',(1.,0.,0.));
#2097 = ORIENTED_EDGE('',*,*,#2098,.T.);
#2098 = EDGE_CURVE('',#2090,#1332,#2099,.T.);
#2099 = CIRCLE('',#2100,2.2);
#2100 = AXIS2_PLACEMENT_3D('',#2101,#2102,#2103);
#2101 = CARTESIAN_POINT('',(57.3,-72.5,-18.4));
#2102 = DIRECTION('',(0.,0.,-1.));
#2103 = DIRECTION('',(1.,0.,0.));
#2104 = ORIENTED_EDGE('',*,*,#1331,.T.);
#2105 = ORIENTED_EDGE('',*,*,#2106,.T.);
#2106 = EDGE_CURVE('',#1334,#2107,#2109,.T.);
#2107 = VERTEX_POINT('',#2108);
#2108 = CARTESIAN_POINT('',(59.6,-97.5,-18.4));
#2109 = CIRCLE('',#2110,2.3);
#2110 = AXIS2_PLACEMENT_3D('',#2111,#2112,#2113);
#2111 = CARTESIAN_POINT('',(57.3,-97.5,-18.4));
#2112 = DIRECTION('',(0.,0.,-1.));
#2113 = DIRECTION('',(1.,0.,0.));
#2114 = ORIENTED_EDGE('',*,*,#2115,.T.);
#2115 = EDGE_CURVE('',#2107,#1242,#2116,.T.);
#2116 = CIRCLE('',#2117,2.3);
#2117 = AXIS2_PLACEMENT_3D('',#2118,#2119,#2120);
#2118 = CARTESIAN_POINT('',(57.3,-97.5,-18.4));
#2119 = DIRECTION('',(0.,0.,-1.));
#2120 = DIRECTION('',(1.,0.,0.));
#2121 = ORIENTED_EDGE('',*,*,#1239,.F.);
#2122 = ORIENTED_EDGE('',*,*,#1686,.T.);
#2123 = FACE_BOUND('',#2124,.T.);
#2124 = EDGE_LOOP('',(#2125,#2135,#2144,#2152,#2161,#2169,#2178,#2186));
#2125 = ORIENTED_EDGE('',*,*,#2126,.T.);
#2126 = EDGE_CURVE('',#2127,#2129,#2131,.T.);
#2127 = VERTEX_POINT('',#2128);
#2128 = CARTESIAN_POINT('',(38.8,-74.64242852856,-18.4));
#2129 = VERTEX_POINT('',#2130);
#2130 = CARTESIAN_POINT('',(38.8,-95.25500556793,-18.4));
#2131 = LINE('',#2132,#2133);
#2132 = CARTESIAN_POINT('',(38.8,-74.64242852856,-18.4));
#2133 = VECTOR('',#2134,1.);
#2134 = DIRECTION('',(0.,-1.,0.));
#2135 = ORIENTED_EDGE('',*,*,#2136,.T.);
#2136 = EDGE_CURVE('',#2129,#2137,#2139,.T.);
#2137 = VERTEX_POINT('',#2138);
#2138 = CARTESIAN_POINT('',(40.544994432064,-97.,-18.4));
#2139 = CIRCLE('',#2140,2.3);
#2140 = AXIS2_PLACEMENT_3D('',#2141,#2142,#2143);
#2141 = CARTESIAN_POINT('',(38.3,-97.5,-18.4));
#2142 = DIRECTION('',(0.,0.,-1.));
#2143 = DIRECTION('',(1.,0.,0.));
#2144 = ORIENTED_EDGE('',*,*,#2145,.T.);
#2145 = EDGE_CURVE('',#2137,#2146,#2148,.T.);
#2146 = VERTEX_POINT('',#2147);
#2147 = CARTESIAN_POINT('',(55.055005567936,-97.,-18.4));
#2148 = LINE('',#2149,#2150);
#2149 = CARTESIAN_POINT('',(40.544994432064,-97.,-18.4));
#2150 = VECTOR('',#2151,1.);
#2151 = DIRECTION('',(1.,-1.077321033068E-14,0.));
#2152 = ORIENTED_EDGE('',*,*,#2153,.T.);
#2153 = EDGE_CURVE('',#2146,#2154,#2156,.T.);
#2154 = VERTEX_POINT('',#2155);
#2155 = CARTESIAN_POINT('',(56.8,-95.25500556793,-18.4));
#2156 = CIRCLE('',#2157,2.3);
#2157 = AXIS2_PLACEMENT_3D('',#2158,#2159,#2160);
#2158 = CARTESIAN_POINT('',(57.3,-97.5,-18.4));
#2159 = DIRECTION('',(0.,0.,-1.));
#2160 = DIRECTION('',(1.,0.,0.));
#2161 = ORIENTED_EDGE('',*,*,#2162,.T.);
#2162 = EDGE_CURVE('',#2154,#2163,#2165,.T.);
#2163 = VERTEX_POINT('',#2164);
#2164 = CARTESIAN_POINT('',(56.8,-74.64242852856,-18.4));
#2165 = LINE('',#2166,#2167);
#2166 = CARTESIAN_POINT('',(56.8,-95.25500556793,-18.4));
#2167 = VECTOR('',#2168,1.);
#2168 = DIRECTION('',(0.,1.,0.));
#2169 = ORIENTED_EDGE('',*,*,#2170,.T.);
#2170 = EDGE_CURVE('',#2163,#2171,#2173,.T.);
#2171 = VERTEX_POINT('',#2172);
#2172 = CARTESIAN_POINT('',(55.157571471437,-73.,-18.4));
#2173 = CIRCLE('',#2174,2.2);
#2174 = AXIS2_PLACEMENT_3D('',#2175,#2176,#2177);
#2175 = CARTESIAN_POINT('',(57.3,-72.5,-18.4));
#2176 = DIRECTION('',(0.,0.,-1.));
#2177 = DIRECTION('',(1.,0.,0.));
#2178 = ORIENTED_EDGE('',*,*,#2179,.T.);
#2179 = EDGE_CURVE('',#2171,#2180,#2182,.T.);
#2180 = VERTEX_POINT('',#2181);
#2181 = CARTESIAN_POINT('',(40.442428528563,-73.,-18.4));
#2182 = LINE('',#2183,#2184);
#2183 = CARTESIAN_POINT('',(55.157571471437,-73.,-18.4));
#2184 = VECTOR('',#2185,1.);
#2185 = DIRECTION('',(-1.,0.,0.));
#2186 = ORIENTED_EDGE('',*,*,#2187,.T.);
#2187 = EDGE_CURVE('',#2180,#2127,#2188,.T.);
#2188 = CIRCLE('',#2189,2.2);
#2189 = AXIS2_PLACEMENT_3D('',#2190,#2191,#2192);
#2190 = CARTESIAN_POINT('',(38.3,-72.5,-18.4));
#2191 = DIRECTION('',(0.,0.,-1.));
#2192 = DIRECTION('',(1.,0.,0.));
#2193 = FACE_BOUND('',#2194,.T.);
#2194 = EDGE_LOOP('',(#2195));
#2195 = ORIENTED_EDGE('',*,*,#2196,.F.);
#2196 = EDGE_CURVE('',#2197,#2197,#2199,.T.);
#2197 = VERTEX_POINT('',#2198);
#2198 = CARTESIAN_POINT('',(39.8,-72.5,-18.4));
#2199 = CIRCLE('',#2200,1.5);
#2200 = AXIS2_PLACEMENT_3D('',#2201,#2202,#2203);
#2201 = CARTESIAN_POINT('',(38.3,-72.5,-18.4));
#2202 = DIRECTION('',(0.,0.,-1.));
#2203 = DIRECTION('',(1.,0.,0.));
#2204 = FACE_BOUND('',#2205,.T.);
#2205 = EDGE_LOOP('',(#2206));
#2206 = ORIENTED_EDGE('',*,*,#2207,.F.);
#2207 = EDGE_CURVE('',#2208,#2208,#2210,.T.);
#2208 = VERTEX_POINT('',#2209);
#2209 = CARTESIAN_POINT('',(58.8,-72.5,-18.4));
#2210 = CIRCLE('',#2211,1.5);
#2211 = AXIS2_PLACEMENT_3D('',#2212,#2213,#2214);
#2212 = CARTESIAN_POINT('',(57.3,-72.5,-18.4));
#2213 = DIRECTION('',(0.,0.,-1.));
#2214 = DIRECTION('',(1.,0.,0.));
#2215 = FACE_BOUND('',#2216,.T.);
#2216 = EDGE_LOOP('',(#2217));
#2217 = ORIENTED_EDGE('',*,*,#2218,.F.);
#2218 = EDGE_CURVE('',#2219,#2219,#2221,.T.);
#2219 = VERTEX_POINT('',#2220);
#2220 = CARTESIAN_POINT('',(58.8,-97.5,-18.4));
#2221 = CIRCLE('',#2222,1.5);
#2222 = AXIS2_PLACEMENT_3D('',#2223,#2224,#2225);
#2223 = CARTESIAN_POINT('',(57.3,-97.5,-18.4));
#2224 = DIRECTION('',(0.,0.,-1.));
#2225 = DIRECTION('',(1.,0.,0.));
#2226 = FACE_BOUND('',#2227,.T.);
#2227 = EDGE_LOOP('',(#2228));
#2228 = ORIENTED_EDGE('',*,*,#2229,.F.);
#2229 = EDGE_CURVE('',#2230,#2230,#2232,.T.);
#2230 = VERTEX_POINT('',#2231);
#2231 = CARTESIAN_POINT('',(39.8,-97.5,-18.4));
#2232 = CIRCLE('',#2233,1.5);
#2233 = AXIS2_PLACEMENT_3D('',#2234,#2235,#2236);
#2234 = CARTESIAN_POINT('',(38.3,-97.5,-18.4));
#2235 = DIRECTION('',(0.,0.,-1.));
#2236 = DIRECTION('',(1.,0.,0.));
#2237 = PLANE('',#2238);
#2238 = AXIS2_PLACEMENT_3D('',#2239,#2240,#2241);
#2239 = CARTESIAN_POINT('',(47.91295658708,-85.06572882201,-18.4));
#2240 = DIRECTION('',(-0.,-0.,-1.));
#2241 = DIRECTION('',(-1.,0.,0.));
#2242 = ADVANCED_FACE('',(#2243),#2286,.T.);
#2243 = FACE_BOUND('',#2244,.T.);
#2244 = EDGE_LOOP('',(#2245,#2246,#2254,#2263,#2271,#2280));
#2245 = ORIENTED_EDGE('',*,*,#2145,.F.);
#2246 = ORIENTED_EDGE('',*,*,#2247,.T.);
#2247 = EDGE_CURVE('',#2137,#2248,#2250,.T.);
#2248 = VERTEX_POINT('',#2249);
#2249 = CARTESIAN_POINT('',(40.544994432064,-97.,-3.4));
#2250 = LINE('',#2251,#2252);
#2251 = CARTESIAN_POINT('',(40.544994432064,-97.,-18.4));
#2252 = VECTOR('',#2253,1.);
#2253 = DIRECTION('',(0.,0.,1.));
#2254 = ORIENTED_EDGE('',*,*,#2255,.T.);
#2255 = EDGE_CURVE('',#2248,#2256,#2258,.T.);
#2256 = VERTEX_POINT('',#2257);
#2257 = CARTESIAN_POINT('',(43.576362383309,-97.,-0.4));
#2258 = HYPERBOLA('',#2259,0.5,0.5);
#2259 = AXIS2_PLACEMENT_3D('',#2260,#2261,#2262);
#2260 = CARTESIAN_POINT('',(38.3,-97.,-5.7));
#2261 = DIRECTION('',(1.077321033068E-14,1.,-0.));
#2262 = DIRECTION('',(0.,0.,1.));
#2263 = ORIENTED_EDGE('',*,*,#2264,.T.);
#2264 = EDGE_CURVE('',#2256,#2265,#2267,.T.);
#2265 = VERTEX_POINT('',#2266);
#2266 = CARTESIAN_POINT('',(52.023637616691,-97.,-0.4));
#2267 = LINE('',#2268,#2269);
#2268 = CARTESIAN_POINT('',(40.544994432064,-97.,-0.4));
#2269 = VECTOR('',#2270,1.);
#2270 = DIRECTION('',(1.,-1.077321033068E-14,0.));
#2271 = ORIENTED_EDGE('',*,*,#2272,.T.);
#2272 = EDGE_CURVE('',#2265,#2273,#2275,.T.);
#2273 = VERTEX_POINT('',#2274);
#2274 = CARTESIAN_POINT('',(55.055005567936,-97.,-3.4));
#2275 = HYPERBOLA('',#2276,0.5,0.5);
#2276 = AXIS2_PLACEMENT_3D('',#2277,#2278,#2279);
#2277 = CARTESIAN_POINT('',(57.3,-97.,-5.7));
#2278 = DIRECTION('',(1.077321033068E-14,1.,-0.));
#2279 = DIRECTION('',(0.,0.,1.));
#2280 = ORIENTED_EDGE('',*,*,#2281,.F.);
#2281 = EDGE_CURVE('',#2146,#2273,#2282,.T.);
#2282 = LINE('',#2283,#2284);
#2283 = CARTESIAN_POINT('',(55.055005567936,-97.,-18.4));
#2284 = VECTOR('',#2285,1.);
#2285 = DIRECTION('',(0.,0.,1.));
#2286 = PLANE('',#2287);
#2287 = AXIS2_PLACEMENT_3D('',#2288,#2289,#2290);
#2288 = CARTESIAN_POINT('',(40.544994432064,-97.,-18.4));
#2289 = DIRECTION('',(1.077321033068E-14,1.,0.));
#2290 = DIRECTION('',(1.,-1.077321033068E-14,0.));
#2291 = ADVANCED_FACE('',(#2292),#2311,.T.);
#2292 = FACE_BOUND('',#2293,.F.);
#2293 = EDGE_LOOP('',(#2294,#2295,#2304,#2310));
#2294 = ORIENTED_EDGE('',*,*,#2247,.T.);
#2295 = ORIENTED_EDGE('',*,*,#2296,.F.);
#2296 = EDGE_CURVE('',#2297,#2248,#2299,.T.);
#2297 = VERTEX_POINT('',#2298);
#2298 = CARTESIAN_POINT('',(38.8,-95.25500556793,-3.4));
#2299 = CIRCLE('',#2300,2.3);
#2300 = AXIS2_PLACEMENT_3D('',#2301,#2302,#2303);
#2301 = CARTESIAN_POINT('',(38.3,-97.5,-3.4));
#2302 = DIRECTION('',(0.,0.,-1.));
#2303 = DIRECTION('',(1.,0.,0.));
#2304 = ORIENTED_EDGE('',*,*,#2305,.F.);
#2305 = EDGE_CURVE('',#2129,#2297,#2306,.T.);
#2306 = LINE('',#2307,#2308);
#2307 = CARTESIAN_POINT('',(38.8,-95.25500556793,-18.4));
#2308 = VECTOR('',#2309,1.);
#2309 = DIRECTION('',(0.,0.,1.));
#2310 = ORIENTED_EDGE('',*,*,#2136,.T.);
#2311 = CYLINDRICAL_SURFACE('',#2312,2.3);
#2312 = AXIS2_PLACEMENT_3D('',#2313,#2314,#2315);
#2313 = CARTESIAN_POINT('',(38.3,-97.5,-0.4));
#2314 = DIRECTION('',(0.,0.,1.));
#2315 = DIRECTION('',(1.,0.,0.));
#2316 = ADVANCED_FACE('',(#2317),#2353,.T.);
#2317 = FACE_BOUND('',#2318,.T.);
#2318 = EDGE_LOOP('',(#2319,#2320,#2328,#2337,#2345,#2352));
#2319 = ORIENTED_EDGE('',*,*,#2126,.F.);
#2320 = ORIENTED_EDGE('',*,*,#2321,.T.);
#2321 = EDGE_CURVE('',#2127,#2322,#2324,.T.);
#2322 = VERTEX_POINT('',#2323);
#2323 = CARTESIAN_POINT('',(38.8,-74.64242852856,-3.4));
#2324 = LINE('',#2325,#2326);
#2325 = CARTESIAN_POINT('',(38.8,-74.64242852856,-18.4));
#2326 = VECTOR('',#2327,1.);
#2327 = DIRECTION('',(0.,0.,1.));
#2328 = ORIENTED_EDGE('',*,*,#2329,.T.);
#2329 = EDGE_CURVE('',#2322,#2330,#2332,.T.);
#2330 = VERTEX_POINT('',#2331);
#2331 = CARTESIAN_POINT('',(38.8,-77.67590571784,-0.4));
#2332 = HYPERBOLA('',#2333,0.5,0.5);
#2333 = AXIS2_PLACEMENT_3D('',#2334,#2335,#2336);
#2334 = CARTESIAN_POINT('',(38.8,-72.5,-5.6));
#2335 = DIRECTION('',(1.,0.,-0.));
#2336 = DIRECTION('',(0.,0.,1.));
#2337 = ORIENTED_EDGE('',*,*,#2338,.T.);
#2338 = EDGE_CURVE('',#2330,#2339,#2341,.T.);
#2339 = VERTEX_POINT('',#2340);
#2340 = CARTESIAN_POINT('',(38.8,-92.22363761669,-0.4));
#2341 = LINE('',#2342,#2343);
#2342 = CARTESIAN_POINT('',(38.8,-74.64242852856,-0.4));
#2343 = VECTOR('',#2344,1.);
#2344 = DIRECTION('',(0.,-1.,0.));
#2345 = ORIENTED_EDGE('',*,*,#2346,.T.);
#2346 = EDGE_CURVE('',#2339,#2297,#2347,.T.);
#2347 = HYPERBOLA('',#2348,0.5,0.5);
#2348 = AXIS2_PLACEMENT_3D('',#2349,#2350,#2351);
#2349 = CARTESIAN_POINT('',(38.8,-97.5,-5.7));
#2350 = DIRECTION('',(1.,0.,-0.));
#2351 = DIRECTION('',(0.,0.,1.));
#2352 = ORIENTED_EDGE('',*,*,#2305,.F.);
#2353 = PLANE('',#2354);
#2354 = AXIS2_PLACEMENT_3D('',#2355,#2356,#2357);
#2355 = CARTESIAN_POINT('',(38.8,-74.64242852856,-18.4));
#2356 = DIRECTION('',(1.,0.,0.));
#2357 = DIRECTION('',(0.,-1.,0.));
#2358 = ADVANCED_FACE('',(#2359),#2378,.T.);
#2359 = FACE_BOUND('',#2360,.F.);
#2360 = EDGE_LOOP('',(#2361,#2370,#2376,#2377));
#2361 = ORIENTED_EDGE('',*,*,#2362,.F.);
#2362 = EDGE_CURVE('',#2363,#2322,#2365,.T.);
#2363 = VERTEX_POINT('',#2364);
#2364 = CARTESIAN_POINT('',(40.442428528563,-73.,-3.4));
#2365 = CIRCLE('',#2366,2.2);
#2366 = AXIS2_PLACEMENT_3D('',#2367,#2368,#2369);
#2367 = CARTESIAN_POINT('',(38.3,-72.5,-3.4));
#2368 = DIRECTION('',(0.,0.,-1.));
#2369 = DIRECTION('',(1.,0.,0.));
#2370 = ORIENTED_EDGE('',*,*,#2371,.F.);
#2371 = EDGE_CURVE('',#2180,#2363,#2372,.T.);
#2372 = LINE('',#2373,#2374);
#2373 = CARTESIAN_POINT('',(40.442428528563,-73.,-18.4));
#2374 = VECTOR('',#2375,1.);
#2375 = DIRECTION('',(0.,0.,1.));
#2376 = ORIENTED_EDGE('',*,*,#2187,.T.);
#2377 = ORIENTED_EDGE('',*,*,#2321,.T.);
#2378 = CYLINDRICAL_SURFACE('',#2379,2.2);
#2379 = AXIS2_PLACEMENT_3D('',#2380,#2381,#2382);
#2380 = CARTESIAN_POINT('',(38.3,-72.5,-0.4));
#2381 = DIRECTION('',(0.,0.,1.));
#2382 = DIRECTION('',(1.,0.,0.));
#2383 = ADVANCED_FACE('',(#2384),#2420,.T.);
#2384 = FACE_BOUND('',#2385,.T.);
#2385 = EDGE_LOOP('',(#2386,#2387,#2395,#2404,#2412,#2419));
#2386 = ORIENTED_EDGE('',*,*,#2179,.F.);
#2387 = ORIENTED_EDGE('',*,*,#2388,.T.);
#2388 = EDGE_CURVE('',#2171,#2389,#2391,.T.);
#2389 = VERTEX_POINT('',#2390);
#2390 = CARTESIAN_POINT('',(55.157571471437,-73.,-3.4));
#2391 = LINE('',#2392,#2393);
#2392 = CARTESIAN_POINT('',(55.157571471437,-73.,-18.4));
#2393 = VECTOR('',#2394,1.);
#2394 = DIRECTION('',(0.,0.,1.));
#2395 = ORIENTED_EDGE('',*,*,#2396,.T.);
#2396 = EDGE_CURVE('',#2389,#2397,#2399,.T.);
#2397 = VERTEX_POINT('',#2398);
#2398 = CARTESIAN_POINT('',(52.124094282157,-73.,-0.4));
#2399 = HYPERBOLA('',#2400,0.5,0.5);
#2400 = AXIS2_PLACEMENT_3D('',#2401,#2402,#2403);
#2401 = CARTESIAN_POINT('',(57.3,-73.,-5.6));
#2402 = DIRECTION('',(0.,-1.,0.));
#2403 = DIRECTION('',(0.,0.,1.));
#2404 = ORIENTED_EDGE('',*,*,#2405,.T.);
#2405 = EDGE_CURVE('',#2397,#2406,#2408,.T.);
#2406 = VERTEX_POINT('',#2407);
#2407 = CARTESIAN_POINT('',(43.475905717843,-73.,-0.4));
#2408 = LINE('',#2409,#2410);
#2409 = CARTESIAN_POINT('',(55.157571471437,-73.,-0.4));
#2410 = VECTOR('',#2411,1.);
#2411 = DIRECTION('',(-1.,0.,0.));
#2412 = ORIENTED_EDGE('',*,*,#2413,.T.);
#2413 = EDGE_CURVE('',#2406,#2363,#2414,.T.);
#2414 = HYPERBOLA('',#2415,0.5,0.5);
#2415 = AXIS2_PLACEMENT_3D('',#2416,#2417,#2418);
#2416 = CARTESIAN_POINT('',(38.3,-73.,-5.6));
#2417 = DIRECTION('',(0.,-1.,0.));
#2418 = DIRECTION('',(0.,0.,1.));
#2419 = ORIENTED_EDGE('',*,*,#2371,.F.);
#2420 = PLANE('',#2421);
#2421 = AXIS2_PLACEMENT_3D('',#2422,#2423,#2424);
#2422 = CARTESIAN_POINT('',(55.157571471437,-73.,-18.4));
#2423 = DIRECTION('',(-0.,-1.,-0.));
#2424 = DIRECTION('',(-1.,0.,0.));
#2425 = ADVANCED_FACE('',(#2426),#2438,.T.);
#2426 = FACE_BOUND('',#2427,.T.);
#2427 = EDGE_LOOP('',(#2428,#2435,#2436,#2437));
#2428 = ORIENTED_EDGE('',*,*,#2429,.T.);
#2429 = EDGE_CURVE('',#2339,#2256,#2430,.T.);
#2430 = CIRCLE('',#2431,5.3);
#2431 = AXIS2_PLACEMENT_3D('',#2432,#2433,#2434);
#2432 = CARTESIAN_POINT('',(38.3,-97.5,-0.4));
#2433 = DIRECTION('',(0.,0.,-1.));
#2434 = DIRECTION('',(1.,0.,0.));
#2435 = ORIENTED_EDGE('',*,*,#2255,.F.);
#2436 = ORIENTED_EDGE('',*,*,#2296,.F.);
#2437 = ORIENTED_EDGE('',*,*,#2346,.F.);
#2438 = CONICAL_SURFACE('',#2439,2.3,0.785398163397);
#2439 = AXIS2_PLACEMENT_3D('',#2440,#2441,#2442);
#2440 = CARTESIAN_POINT('',(38.3,-97.5,-3.4));
#2441 = DIRECTION('',(0.,0.,1.));
#2442 = DIRECTION('',(1.,0.,0.));
#2443 = ADVANCED_FACE('',(#2444),#2481,.F.);
#2444 = FACE_BOUND('',#2445,.F.);
#2445 = EDGE_LOOP('',(#2446,#2447,#2454,#2455,#2456,#2457,#2466,#2474));
#2446 = ORIENTED_EDGE('',*,*,#2405,.T.);
#2447 = ORIENTED_EDGE('',*,*,#2448,.T.);
#2448 = EDGE_CURVE('',#2406,#2330,#2449,.T.);
#2449 = CIRCLE('',#2450,5.2);
#2450 = AXIS2_PLACEMENT_3D('',#2451,#2452,#2453);
#2451 = CARTESIAN_POINT('',(38.3,-72.5,-0.4));
#2452 = DIRECTION('',(0.,0.,-1.));
#2453 = DIRECTION('',(1.,0.,0.));
#2454 = ORIENTED_EDGE('',*,*,#2338,.T.);
#2455 = ORIENTED_EDGE('',*,*,#2429,.T.);
#2456 = ORIENTED_EDGE('',*,*,#2264,.T.);
#2457 = ORIENTED_EDGE('',*,*,#2458,.T.);
#2458 = EDGE_CURVE('',#2265,#2459,#2461,.T.);
#2459 = VERTEX_POINT('',#2460);
#2460 = CARTESIAN_POINT('',(56.8,-92.22363761669,-0.4));
#2461 = CIRCLE('',#2462,5.3);
#2462 = AXIS2_PLACEMENT_3D('',#2463,#2464,#2465);
#2463 = CARTESIAN_POINT('',(57.3,-97.5,-0.4));
#2464 = DIRECTION('',(0.,0.,-1.));
#2465 = DIRECTION('',(1.,0.,0.));
#2466 = ORIENTED_EDGE('',*,*,#2467,.T.);
#2467 = EDGE_CURVE('',#2459,#2468,#2470,.T.);
#2468 = VERTEX_POINT('',#2469);
#2469 = CARTESIAN_POINT('',(56.8,-77.67590571784,-0.4));
#2470 = LINE('',#2471,#2472);
#2471 = CARTESIAN_POINT('',(56.8,-95.25500556793,-0.4));
#2472 = VECTOR('',#2473,1.);
#2473 = DIRECTION('',(0.,1.,0.));
#2474 = ORIENTED_EDGE('',*,*,#2475,.T.);
#2475 = EDGE_CURVE('',#2468,#2397,#2476,.T.);
#2476 = CIRCLE('',#2477,5.2);
#2477 = AXIS2_PLACEMENT_3D('',#2478,#2479,#2480);
#2478 = CARTESIAN_POINT('',(57.3,-72.5,-0.4));
#2479 = DIRECTION('',(0.,0.,-1.));
#2480 = DIRECTION('',(1.,0.,0.));
#2481 = PLANE('',#2482);
#2482 = AXIS2_PLACEMENT_3D('',#2483,#2484,#2485);
#2483 = CARTESIAN_POINT('',(34.003253316202,-46.31258512607,-0.4));
#2484 = DIRECTION('',(0.,0.,1.));
#2485 = DIRECTION('',(1.,0.,0.));
#2486 = ADVANCED_FACE('',(#2487),#2521,.T.);
#2487 = FACE_BOUND('',#2488,.T.);
#2488 = EDGE_LOOP('',(#2489,#2490,#2498,#2505,#2506,#2515));
#2489 = ORIENTED_EDGE('',*,*,#2162,.F.);
#2490 = ORIENTED_EDGE('',*,*,#2491,.T.);
#2491 = EDGE_CURVE('',#2154,#2492,#2494,.T.);
#2492 = VERTEX_POINT('',#2493);
#2493 = CARTESIAN_POINT('',(56.8,-95.25500556793,-3.4));
#2494 = LINE('',#2495,#2496);
#2495 = CARTESIAN_POINT('',(56.8,-95.25500556793,-18.4));
#2496 = VECTOR('',#2497,1.);
#2497 = DIRECTION('',(0.,0.,1.));
#2498 = ORIENTED_EDGE('',*,*,#2499,.T.);
#2499 = EDGE_CURVE('',#2492,#2459,#2500,.T.);
#2500 = HYPERBOLA('',#2501,0.5,0.5);
#2501 = AXIS2_PLACEMENT_3D('',#2502,#2503,#2504);
#2502 = CARTESIAN_POINT('',(56.8,-97.5,-5.7));
#2503 = DIRECTION('',(-1.,0.,0.));
#2504 = DIRECTION('',(0.,0.,1.));
#2505 = ORIENTED_EDGE('',*,*,#2467,.T.);
#2506 = ORIENTED_EDGE('',*,*,#2507,.T.);
#2507 = EDGE_CURVE('',#2468,#2508,#2510,.T.);
#2508 = VERTEX_POINT('',#2509);
#2509 = CARTESIAN_POINT('',(56.8,-74.64242852856,-3.4));
#2510 = HYPERBOLA('',#2511,0.5,0.5);
#2511 = AXIS2_PLACEMENT_3D('',#2512,#2513,#2514);
#2512 = CARTESIAN_POINT('',(56.8,-72.5,-5.6));
#2513 = DIRECTION('',(-1.,0.,0.));
#2514 = DIRECTION('',(0.,0.,1.));
#2515 = ORIENTED_EDGE('',*,*,#2516,.F.);
#2516 = EDGE_CURVE('',#2163,#2508,#2517,.T.);
#2517 = LINE('',#2518,#2519);
#2518 = CARTESIAN_POINT('',(56.8,-74.64242852856,-18.4));
#2519 = VECTOR('',#2520,1.);
#2520 = DIRECTION('',(0.,0.,1.));
#2521 = PLANE('',#2522);
#2522 = AXIS2_PLACEMENT_3D('',#2523,#2524,#2525);
#2523 = CARTESIAN_POINT('',(56.8,-95.25500556793,-18.4));
#2524 = DIRECTION('',(-1.,0.,0.));
#2525 = DIRECTION('',(0.,1.,0.));
#2526 = ADVANCED_FACE('',(#2527),#2533,.T.);
#2527 = FACE_BOUND('',#2528,.T.);
#2528 = EDGE_LOOP('',(#2529,#2530,#2531,#2532));
#2529 = ORIENTED_EDGE('',*,*,#2413,.F.);
#2530 = ORIENTED_EDGE('',*,*,#2448,.T.);
#2531 = ORIENTED_EDGE('',*,*,#2329,.F.);
#2532 = ORIENTED_EDGE('',*,*,#2362,.F.);
#2533 = CONICAL_SURFACE('',#2534,2.2,0.785398163397);
#2534 = AXIS2_PLACEMENT_3D('',#2535,#2536,#2537);
#2535 = CARTESIAN_POINT('',(38.3,-72.5,-3.4));
#2536 = DIRECTION('',(0.,0.,1.));
#2537 = DIRECTION('',(1.,0.,0.));
#2538 = ADVANCED_FACE('',(#2539),#2551,.T.);
#2539 = FACE_BOUND('',#2540,.F.);
#2540 = EDGE_LOOP('',(#2541,#2548,#2549,#2550));
#2541 = ORIENTED_EDGE('',*,*,#2542,.F.);
#2542 = EDGE_CURVE('',#2273,#2492,#2543,.T.);
#2543 = CIRCLE('',#2544,2.3);
#2544 = AXIS2_PLACEMENT_3D('',#2545,#2546,#2547);
#2545 = CARTESIAN_POINT('',(57.3,-97.5,-3.4));
#2546 = DIRECTION('',(0.,0.,-1.));
#2547 = DIRECTION('',(1.,0.,0.));
#2548 = ORIENTED_EDGE('',*,*,#2281,.F.);
#2549 = ORIENTED_EDGE('',*,*,#2153,.T.);
#2550 = ORIENTED_EDGE('',*,*,#2491,.T.);
#2551 = CYLINDRICAL_SURFACE('',#2552,2.3);
#2552 = AXIS2_PLACEMENT_3D('',#2553,#2554,#2555);
#2553 = CARTESIAN_POINT('',(57.3,-97.5,-0.4));
#2554 = DIRECTION('',(0.,0.,1.));
#2555 = DIRECTION('',(1.,0.,0.));
#2556 = ADVANCED_FACE('',(#2557),#2563,.T.);
#2557 = FACE_BOUND('',#2558,.T.);
#2558 = EDGE_LOOP('',(#2559,#2560,#2561,#2562));
#2559 = ORIENTED_EDGE('',*,*,#2272,.F.);
#2560 = ORIENTED_EDGE('',*,*,#2458,.T.);
#2561 = ORIENTED_EDGE('',*,*,#2499,.F.);
#2562 = ORIENTED_EDGE('',*,*,#2542,.F.);
#2563 = CONICAL_SURFACE('',#2564,2.3,0.785398163397);
#2564 = AXIS2_PLACEMENT_3D('',#2565,#2566,#2567);
#2565 = CARTESIAN_POINT('',(57.3,-97.5,-3.4));
#2566 = DIRECTION('',(0.,0.,1.));
#2567 = DIRECTION('',(1.,0.,0.));
#2568 = ADVANCED_FACE('',(#2569),#2581,.T.);
#2569 = FACE_BOUND('',#2570,.F.);
#2570 = EDGE_LOOP('',(#2571,#2578,#2579,#2580));
#2571 = ORIENTED_EDGE('',*,*,#2572,.F.);
#2572 = EDGE_CURVE('',#2508,#2389,#2573,.T.);
#2573 = CIRCLE('',#2574,2.2);
#2574 = AXIS2_PLACEMENT_3D('',#2575,#2576,#2577);
#2575 = CARTESIAN_POINT('',(57.3,-72.5,-3.4));
#2576 = DIRECTION('',(0.,0.,-1.));
#2577 = DIRECTION('',(1.,0.,0.));
#2578 = ORIENTED_EDGE('',*,*,#2516,.F.);
#2579 = ORIENTED_EDGE('',*,*,#2170,.T.);
#2580 = ORIENTED_EDGE('',*,*,#2388,.T.);
#2581 = CYLINDRICAL_SURFACE('',#2582,2.2);
#2582 = AXIS2_PLACEMENT_3D('',#2583,#2584,#2585);
#2583 = CARTESIAN_POINT('',(57.3,-72.5,-0.4));
#2584 = DIRECTION('',(0.,0.,1.));
#2585 = DIRECTION('',(1.,0.,0.));
#2586 = ADVANCED_FACE('',(#2587),#2593,.T.);
#2587 = FACE_BOUND('',#2588,.T.);
#2588 = EDGE_LOOP('',(#2589,#2590,#2591,#2592));
#2589 = ORIENTED_EDGE('',*,*,#2507,.F.);
#2590 = ORIENTED_EDGE('',*,*,#2475,.T.);
#2591 = ORIENTED_EDGE('',*,*,#2396,.F.);
#2592 = ORIENTED_EDGE('',*,*,#2572,.F.);
#2593 = CONICAL_SURFACE('',#2594,2.2,0.785398163397);
#2594 = AXIS2_PLACEMENT_3D('',#2595,#2596,#2597);
#2595 = CARTESIAN_POINT('',(57.3,-72.5,-3.4));
#2596 = DIRECTION('',(0.,0.,1.));
#2597 = DIRECTION('',(1.,0.,0.));
#2598 = ADVANCED_FACE('',(#2599),#2618,.F.);
#2599 = FACE_BOUND('',#2600,.T.);
#2600 = EDGE_LOOP('',(#2601,#2610,#2616,#2617));
#2601 = ORIENTED_EDGE('',*,*,#2602,.F.);
#2602 = EDGE_CURVE('',#2603,#2603,#2605,.T.);
#2603 = VERTEX_POINT('',#2604);
#2604 = CARTESIAN_POINT('',(39.8,-72.5,-0.4));
#2605 = CIRCLE('',#2606,1.5);
#2606 = AXIS2_PLACEMENT_3D('',#2607,#2608,#2609);
#2607 = CARTESIAN_POINT('',(38.3,-72.5,-0.4));
#2608 = DIRECTION('',(0.,0.,-1.));
#2609 = DIRECTION('',(1.,0.,0.));
#2610 = ORIENTED_EDGE('',*,*,#2611,.T.);
#2611 = EDGE_CURVE('',#2603,#2197,#2612,.T.);
#2612 = LINE('',#2613,#2614);
#2613 = CARTESIAN_POINT('',(39.8,-72.5,-0.4));
#2614 = VECTOR('',#2615,1.);
#2615 = DIRECTION('',(0.,0.,-1.));
#2616 = ORIENTED_EDGE('',*,*,#2196,.T.);
#2617 = ORIENTED_EDGE('',*,*,#2611,.F.);
#2618 = CYLINDRICAL_SURFACE('',#2619,1.5);
#2619 = AXIS2_PLACEMENT_3D('',#2620,#2621,#2622);
#2620 = CARTESIAN_POINT('',(38.3,-72.5,-0.4));
#2621 = DIRECTION('',(0.,0.,1.));
#2622 = DIRECTION('',(1.,0.,0.));
#2623 = ADVANCED_FACE('',(#2624),#2627,.F.);
#2624 = FACE_BOUND('',#2625,.F.);
#2625 = EDGE_LOOP('',(#2626));
#2626 = ORIENTED_EDGE('',*,*,#2602,.F.);
#2627 = PLANE('',#2628);
#2628 = AXIS2_PLACEMENT_3D('',#2629,#2630,#2631);
#2629 = CARTESIAN_POINT('',(34.003253316202,-46.31258512607,-0.4));
#2630 = DIRECTION('',(0.,0.,1.));
#2631 = DIRECTION('',(1.,0.,0.));
#2632 = ADVANCED_FACE('',(#2633),#2652,.F.);
#2633 = FACE_BOUND('',#2634,.T.);
#2634 = EDGE_LOOP('',(#2635,#2644,#2650,#2651));
#2635 = ORIENTED_EDGE('',*,*,#2636,.F.);
#2636 = EDGE_CURVE('',#2637,#2637,#2639,.T.);
#2637 = VERTEX_POINT('',#2638);
#2638 = CARTESIAN_POINT('',(58.8,-72.5,-0.4));
#2639 = CIRCLE('',#2640,1.5);
#2640 = AXIS2_PLACEMENT_3D('',#2641,#2642,#2643);
#2641 = CARTESIAN_POINT('',(57.3,-72.5,-0.4));
#2642 = DIRECTION('',(0.,0.,-1.));
#2643 = DIRECTION('',(1.,0.,0.));
#2644 = ORIENTED_EDGE('',*,*,#2645,.T.);
#2645 = EDGE_CURVE('',#2637,#2208,#2646,.T.);
#2646 = LINE('',#2647,#2648);
#2647 = CARTESIAN_POINT('',(58.8,-72.5,-0.4));
#2648 = VECTOR('',#2649,1.);
#2649 = DIRECTION('',(0.,0.,-1.));
#2650 = ORIENTED_EDGE('',*,*,#2207,.T.);
#2651 = ORIENTED_EDGE('',*,*,#2645,.F.);
#2652 = CYLINDRICAL_SURFACE('',#2653,1.5);
#2653 = AXIS2_PLACEMENT_3D('',#2654,#2655,#2656);
#2654 = CARTESIAN_POINT('',(57.3,-72.5,-0.4));
#2655 = DIRECTION('',(0.,0.,1.));
#2656 = DIRECTION('',(1.,0.,0.));
#2657 = ADVANCED_FACE('',(#2658),#2661,.F.);
#2658 = FACE_BOUND('',#2659,.F.);
#2659 = EDGE_LOOP('',(#2660));
#2660 = ORIENTED_EDGE('',*,*,#2636,.F.);
#2661 = PLANE('',#2662);
#2662 = AXIS2_PLACEMENT_3D('',#2663,#2664,#2665);
#2663 = CARTESIAN_POINT('',(34.003253316202,-46.31258512607,-0.4));
#2664 = DIRECTION('',(0.,0.,1.));
#2665 = DIRECTION('',(1.,0.,0.));
#2666 = ADVANCED_FACE('',(#2667),#2686,.F.);
#2667 = FACE_BOUND('',#2668,.T.);
#2668 = EDGE_LOOP('',(#2669,#2678,#2684,#2685));
#2669 = ORIENTED_EDGE('',*,*,#2670,.F.);
#2670 = EDGE_CURVE('',#2671,#2671,#2673,.T.);
#2671 = VERTEX_POINT('',#2672);
#2672 = CARTESIAN_POINT('',(58.8,-97.5,-0.4));
#2673 = CIRCLE('',#2674,1.5);
#2674 = AXIS2_PLACEMENT_3D('',#2675,#2676,#2677);
#2675 = CARTESIAN_POINT('',(57.3,-97.5,-0.4));
#2676 = DIRECTION('',(0.,0.,-1.));
#2677 = DIRECTION('',(1.,0.,0.));
#2678 = ORIENTED_EDGE('',*,*,#2679,.T.);
#2679 = EDGE_CURVE('',#2671,#2219,#2680,.T.);
#2680 = LINE('',#2681,#2682);
#2681 = CARTESIAN_POINT('',(58.8,-97.5,-0.4));
#2682 = VECTOR('',#2683,1.);
#2683 = DIRECTION('',(0.,0.,-1.));
#2684 = ORIENTED_EDGE('',*,*,#2218,.T.);
#2685 = ORIENTED_EDGE('',*,*,#2679,.F.);
#2686 = CYLINDRICAL_SURFACE('',#2687,1.5);
#2687 = AXIS2_PLACEMENT_3D('',#2688,#2689,#2690);
#2688 = CARTESIAN_POINT('',(57.3,-97.5,-0.4));
#2689 = DIRECTION('',(0.,0.,1.));
#2690 = DIRECTION('',(1.,0.,0.));
#2691 = ADVANCED_FACE('',(#2692),#2695,.F.);
#2692 = FACE_BOUND('',#2693,.F.);
#2693 = EDGE_LOOP('',(#2694));
#2694 = ORIENTED_EDGE('',*,*,#2670,.F.);
#2695 = PLANE('',#2696);
#2696 = AXIS2_PLACEMENT_3D('',#2697,#2698,#2699);
#2697 = CARTESIAN_POINT('',(34.003253316202,-46.31258512607,-0.4));
#2698 = DIRECTION('',(0.,0.,1.));
#2699 = DIRECTION('',(1.,0.,0.));
#2700 = ADVANCED_FACE('',(#2701),#2720,.F.);
#2701 = FACE_BOUND('',#2702,.T.);
#2702 = EDGE_LOOP('',(#2703,#2712,#2718,#2719));
#2703 = ORIENTED_EDGE('',*,*,#2704,.F.);
#2704 = EDGE_CURVE('',#2705,#2705,#2707,.T.);
#2705 = VERTEX_POINT('',#2706);
#2706 = CARTESIAN_POINT('',(39.8,-97.5,-0.4));
#2707 = CIRCLE('',#2708,1.5);
#2708 = AXIS2_PLACEMENT_3D('',#2709,#2710,#2711);
#2709 = CARTESIAN_POINT('',(38.3,-97.5,-0.4));
#2710 = DIRECTION('',(0.,0.,-1.));
#2711 = DIRECTION('',(1.,0.,0.));
#2712 = ORIENTED_EDGE('',*,*,#2713,.T.);
#2713 = EDGE_CURVE('',#2705,#2230,#2714,.T.);
#2714 = LINE('',#2715,#2716);
#2715 = CARTESIAN_POINT('',(39.8,-97.5,-0.4));
#2716 = VECTOR('',#2717,1.);
#2717 = DIRECTION('',(0.,0.,-1.));
#2718 = ORIENTED_EDGE('',*,*,#2229,.T.);
#2719 = ORIENTED_EDGE('',*,*,#2713,.F.);
#2720 = CYLINDRICAL_SURFACE('',#2721,1.5);
#2721 = AXIS2_PLACEMENT_3D('',#2722,#2723,#2724);
#2722 = CARTESIAN_POINT('',(38.3,-97.5,-0.4));
#2723 = DIRECTION('',(0.,0.,1.));
#2724 = DIRECTION('',(1.,0.,0.));
#2725 = ADVANCED_FACE('',(#2726),#2729,.F.);
#2726 = FACE_BOUND('',#2727,.F.);
#2727 = EDGE_LOOP('',(#2728));
#2728 = ORIENTED_EDGE('',*,*,#2704,.F.);
#2729 = PLANE('',#2730);
#2730 = AXIS2_PLACEMENT_3D('',#2731,#2732,#2733);
#2731 = CARTESIAN_POINT('',(34.003253316202,-46.31258512607,-0.4));
#2732 = DIRECTION('',(0.,0.,1.));
#2733 = DIRECTION('',(1.,0.,0.));
#2734 = ADVANCED_FACE('',(#2735),#2743,.T.);
#2735 = FACE_BOUND('',#2736,.F.);
#2736 = EDGE_LOOP('',(#2737,#2738,#2739,#2740,#2741,#2742));
#2737 = ORIENTED_EDGE('',*,*,#1358,.F.);
#2738 = ORIENTED_EDGE('',*,*,#2106,.T.);
#2739 = ORIENTED_EDGE('',*,*,#2115,.T.);
#2740 = ORIENTED_EDGE('',*,*,#1266,.T.);
#2741 = ORIENTED_EDGE('',*,*,#1290,.F.);
#2742 = ORIENTED_EDGE('',*,*,#1307,.F.);
#2743 = CYLINDRICAL_SURFACE('',#2744,2.3);
#2744 = AXIS2_PLACEMENT_3D('',#2745,#2746,#2747);
#2745 = CARTESIAN_POINT('',(57.3,-97.5,-0.4));
#2746 = DIRECTION('',(0.,0.,1.));
#2747 = DIRECTION('',(1.,0.,0.));
#2748 = ADVANCED_FACE('',(#2749),#2757,.T.);
#2749 = FACE_BOUND('',#2750,.F.);
#2750 = EDGE_LOOP('',(#2751,#2752,#2753,#2754,#2755,#2756));
#2751 = ORIENTED_EDGE('',*,*,#1442,.F.);
#2752 = ORIENTED_EDGE('',*,*,#2089,.T.);
#2753 = ORIENTED_EDGE('',*,*,#2098,.T.);
#2754 = ORIENTED_EDGE('',*,*,#1341,.T.);
#2755 = ORIENTED_EDGE('',*,*,#1382,.F.);
#2756 = ORIENTED_EDGE('',*,*,#1399,.F.);
#2757 = CYLINDRICAL_SURFACE('',#2758,2.2);
#2758 = AXIS2_PLACEMENT_3D('',#2759,#2760,#2761);
#2759 = CARTESIAN_POINT('',(57.3,-72.5,-0.4));
#2760 = DIRECTION('',(0.,0.,1.));
#2761 = DIRECTION('',(1.,0.,0.));
#2762 = ( GEOMETRIC_REPRESENTATION_CONTEXT(3) 
GLOBAL_UNCERTAINTY_ASSIGNED_CONTEXT((#2766)) 
GLOBAL_UNIT_ASSIGNED_CONTEXT((#2763,#2764,#2765)) REPRESENTATION_CONTEXT
('Context #1','3D Context with UNIT and UNCERTAINTY') );
#2763 = ( LENGTH_UNIT() NAMED_UNIT(*) SI_UNIT(.MILLI.,.METRE.) );
#2764 = ( NAMED_UNIT(*) PLANE_ANGLE_UNIT() SI_UNIT($,.RADIAN.) );
#2765 = ( NAMED_UNIT(*) SI_UNIT($,.STERADIAN.) SOLID_ANGLE_UNIT() );
#2766 = UNCERTAINTY_MEASURE_WITH_UNIT(LENGTH_MEASURE(1.E-07),#2763,
  'distance_accuracy_value','confusion accuracy');
#2767 = PRODUCT_RELATED_PRODUCT_CATEGORY('part',$,(#7));
#2768 = MECHANICAL_DESIGN_GEOMETRIC_PRESENTATION_REPRESENTATION('',(
    #2769),#2762);
#2769 = STYLED_ITEM('color',(#2770),#15);
#2770 = PRESENTATION_STYLE_ASSIGNMENT((#2771,#2777));
#2771 = SURFACE_STYLE_USAGE(.BOTH.,#2772);
#2772 = SURFACE_SIDE_STYLE('',(#2773));
#2773 = SURFACE_STYLE_FILL_AREA(#2774);
#2774 = FILL_AREA_STYLE('',(#2775));
#2775 = FILL_AREA_STYLE_COLOUR('',#2776);
#2776 = COLOUR_RGB('',0.447058818107,0.474509808674,0.501960817233);
#2777 = CURVE_STYLE('',#2778,POSITIVE_LENGTH_MEASURE(0.1),#2779);
#2778 = DRAUGHTING_PRE_DEFINED_CURVE_FONT('continuous');
#2779 = COLOUR_RGB('',9.803921802644E-02,9.803921802644E-02,
  9.803921802644E-02);
ENDSEC;
END-ISO-10303-21;
